location_id,location_name,locality,timezone,country_id,country_iso,country_name,owner_id,owner,provider_id,provider,isMonitor,monitor_type,isMobile,latitude,longitude,instrument_ids,instrument_names,n_pm25_sensors,pm25_sensor_ids,openaq_url,Region,Requested_Country,Requested_ISO
8645,Kampala,N/A,Africa/Kampala,133,UG,Uganda,4,Unknown Governmental Organization,119,AirNow,TRUE,Reference monitor,FALSE,0.300225,32.591554,2,Government Monitor,1,25086,https://explore.openaq.org/locations/8645,Africa,Uganda,UG
5714432,Makerere University Weather Station,,Africa/Kampala,133,UG,Uganda,22712,AirQo,66,AirGradient,FALSE,Non-reference / air sensor,FALSE,0.33354,32.56861,26,AirGradient Open Air Max Generation 1 (O-M-1PPST-CE),1,14069448,https://explore.openaq.org/locations/5714432,Africa,Uganda,UG
5976204,Kyebando ,,Africa/Kampala,133,UG,Uganda,22712,AirQo,66,AirGradient,FALSE,Non-reference / air sensor,FALSE,0.358762,32.584203,27,AirGradient Open Air Max Generation 1 (O-M-1PPSTON-CE),1,14259288,https://explore.openaq.org/locations/5976204,Africa,Uganda,UG
5987684,Sir Apollo Kagwa Road,,Africa/Kampala,133,UG,Uganda,22712,AirQo,66,AirGradient,FALSE,Non-reference / air sensor,FALSE,0.33354,32.56861,27,AirGradient Open Air Max Generation 1 (O-M-1PPSTON-CE),1,14267480,https://explore.openaq.org/locations/5987684,Africa,Uganda,UG
5987686,Salama Road,,Africa/Kampala,133,UG,Uganda,22712,AirQo,66,AirGradient,FALSE,Non-reference / air sensor,FALSE,0.33354,32.56861,27,AirGradient Open Air Max Generation 1 (O-M-1PPSTON-CE),1,14267485,https://explore.openaq.org/locations/5987686,Africa,Uganda,UG
5988718,Mpelerwe ,,Africa/Kampala,133,UG,Uganda,22712,AirQo,66,AirGradient,FALSE,Non-reference / air sensor,FALSE,0.33354,32.56861,27,AirGradient Open Air Max Generation 1 (O-M-1PPSTON-CE),1,14268326,https://explore.openaq.org/locations/5988718,Africa,Uganda,UG
6094926,Nansana Municipal Council offices,,Africa/Kampala,133,UG,Uganda,12,AirGradient,66,AirGradient,FALSE,Non-reference / air sensor,FALSE,0.363545237946994,32.5292540629891,24,AirGradient Open Air Generation 1 (O-1PST),1,14373655,https://explore.openaq.org/locations/6094926,Africa,Uganda,UG
6112501,aq_g5_53,,Africa/Kampala,133,UG,Uganda,1,OpenAQ admin,21,AirQo,FALSE,Non-reference / air sensor,FALSE,0.28863,32.60297,1,N/A,1,14502608,https://explore.openaq.org/locations/6112501,Africa,Uganda,UG
6112502,aq_g5_48,,Africa/Kampala,133,UG,Uganda,1,OpenAQ admin,21,AirQo,FALSE,Non-reference / air sensor,FALSE,0.300454937503055,32.6046972163187,1,N/A,1,14502610,https://explore.openaq.org/locations/6112502,Africa,Uganda,UG
6112503,aq_g5_46,,Africa/Kampala,133,UG,Uganda,1,OpenAQ admin,21,AirQo,FALSE,Non-reference / air sensor,FALSE,0.25776,32.63686,1,N/A,1,14502604,https://explore.openaq.org/locations/6112503,Africa,Uganda,UG
6112504,aq_g5_97,,Africa/Kampala,133,UG,Uganda,1,OpenAQ admin,21,AirQo,FALSE,Non-reference / air sensor,FALSE,0.322924497659538,32.6285049751201,1,N/A,1,14502594,https://explore.openaq.org/locations/6112504,Africa,Uganda,UG
6112505,airqo-g5184,,Africa/Kampala,133,UG,Uganda,1,OpenAQ admin,21,AirQo,FALSE,Non-reference / air sensor,FALSE,-0.594025149762088,30.5960819765847,1,N/A,1,14502600,https://explore.openaq.org/locations/6112505,Africa,Uganda,UG
6112506,aq_g5_43,,Africa/Kampala,133,UG,Uganda,1,OpenAQ admin,21,AirQo,FALSE,Non-reference / air sensor,FALSE,0.296925547761309,32.5766410947816,1,N/A,1,14502612,https://explore.openaq.org/locations/6112506,Africa,Uganda,UG
6112507,aq_g520,,Africa/Kampala,133,UG,Uganda,1,OpenAQ admin,21,AirQo,FALSE,Non-reference / air sensor,FALSE,0.30991,32.60045,1,N/A,1,14502606,https://explore.openaq.org/locations/6112507,Africa,Uganda,UG
6112508,aq_43,,Africa/Kampala,133,UG,Uganda,1,OpenAQ admin,21,AirQo,FALSE,Non-reference / air sensor,FALSE,0.28907,32.58959,1,N/A,1,14502602,https://explore.openaq.org/locations/6112508,Africa,Uganda,UG
6112509,airqo-g5168,,Africa/Kampala,133,UG,Uganda,1,OpenAQ admin,21,AirQo,FALSE,Non-reference / air sensor,FALSE,-0.618185236376909,30.6563753817923,1,N/A,1,14502598,https://explore.openaq.org/locations/6112509,Africa,Uganda,UG
6112510,aq_72,,Africa/Kampala,133,UG,Uganda,1,OpenAQ admin,21,AirQo,FALSE,Non-reference / air sensor,FALSE,0.2689,32.588,1,N/A,1,14502596,https://explore.openaq.org/locations/6112510,Africa,Uganda,UG
6113133,airqo_g5567,,Africa/Kampala,133,UG,Uganda,1,OpenAQ admin,21,AirQo,FALSE,Non-reference / air sensor,FALSE,0.346825791567387,32.5890474058527,1,N/A,1,14506876,https://explore.openaq.org/locations/6113133,Africa,Uganda,UG
6113134,airqo_g5563,,Africa/Kampala,133,UG,Uganda,1,OpenAQ admin,21,AirQo,FALSE,Non-reference / air sensor,FALSE,0.311874418516148,32.5623506321347,1,N/A,1,14506874,https://explore.openaq.org/locations/6113134,Africa,Uganda,UG
6113203,Kabumbi Nansana,,Africa/Kampala,133,UG,Uganda,12,AirGradient,66,AirGradient,FALSE,Non-reference / air sensor,FALSE,0.3759,32.528,7,Unknown AirGradient Sensor,1,14507366,https://explore.openaq.org/locations/6113203,Africa,Uganda,UG
6113239,airqo_g5519,,Africa/Kampala,133,UG,Uganda,1,OpenAQ admin,21,AirQo,FALSE,Non-reference / air sensor,FALSE,-0.623977767898304,30.6425034714427,1,N/A,1,14507635,https://explore.openaq.org/locations/6113239,Africa,Uganda,UG
6113240,airqo_g5446,,Africa/Kampala,133,UG,Uganda,1,OpenAQ admin,21,AirQo,FALSE,Non-reference / air sensor,FALSE,0.315678859347929,32.6350633487738,1,N/A,1,14507653,https://explore.openaq.org/locations/6113240,Africa,Uganda,UG
6113241,airqo_g5548,,Africa/Kampala,133,UG,Uganda,1,OpenAQ admin,21,AirQo,FALSE,Non-reference / air sensor,FALSE,0.323201369989173,32.6319719413085,1,N/A,1,14507649,https://explore.openaq.org/locations/6113241,Africa,Uganda,UG
6113242,airqo_g5568,,Africa/Kampala,133,UG,Uganda,1,OpenAQ admin,21,AirQo,FALSE,Non-reference / air sensor,FALSE,-0.58759958659695,30.6463194347577,1,N/A,1,14507639,https://explore.openaq.org/locations/6113242,Africa,Uganda,UG
6113243,airqo_g5559,,Africa/Kampala,133,UG,Uganda,1,OpenAQ admin,21,AirQo,FALSE,Non-reference / air sensor,FALSE,-0.535102397448555,30.6468721691672,1,N/A,1,14507645,https://explore.openaq.org/locations/6113243,Africa,Uganda,UG
6113244,airqo_g5477,,Africa/Kampala,133,UG,Uganda,1,OpenAQ admin,21,AirQo,FALSE,Non-reference / air sensor,FALSE,-0.670721495216739,30.572340996574,1,N/A,1,14507631,https://explore.openaq.org/locations/6113244,Africa,Uganda,UG
6113245,airqo_g5481,,Africa/Kampala,133,UG,Uganda,1,OpenAQ admin,21,AirQo,FALSE,Non-reference / air sensor,FALSE,-0.637044135478916,30.616152249661,1,N/A,1,14507633,https://explore.openaq.org/locations/6113245,Africa,Uganda,UG
6113246,airqo_g5455,,Africa/Kampala,133,UG,Uganda,1,OpenAQ admin,21,AirQo,FALSE,Non-reference / air sensor,FALSE,-0.592598134722012,30.6662137773187,1,N/A,1,14507647,https://explore.openaq.org/locations/6113246,Africa,Uganda,UG
6113247,airqo_g5463,,Africa/Kampala,133,UG,Uganda,1,OpenAQ admin,21,AirQo,FALSE,Non-reference / air sensor,FALSE,-0.581599576269334,30.7054493755439,1,N/A,1,14507640,https://explore.openaq.org/locations/6113247,Africa,Uganda,UG
6113248,airqo_g5544,,Africa/Kampala,133,UG,Uganda,1,OpenAQ admin,21,AirQo,FALSE,Non-reference / air sensor,FALSE,-0.623704829220578,30.6675122347399,1,N/A,1,14507637,https://explore.openaq.org/locations/6113248,Africa,Uganda,UG
6113249,airqo_g5437,,Africa/Kampala,133,UG,Uganda,1,OpenAQ admin,21,AirQo,FALSE,Non-reference / air sensor,FALSE,-0.619552186453301,30.6441297603594,1,N/A,1,14507629,https://explore.openaq.org/locations/6113249,Africa,Uganda,UG
6113250,airqo_g5499,,Africa/Kampala,133,UG,Uganda,1,OpenAQ admin,21,AirQo,FALSE,Non-reference / air sensor,FALSE,-0.495739268925595,30.7045345527369,1,N/A,1,14507644,https://explore.openaq.org/locations/6113250,Africa,Uganda,UG
6113251,airqo_g5570,,Africa/Kampala,133,UG,Uganda,1,OpenAQ admin,21,AirQo,FALSE,Non-reference / air sensor,FALSE,-0.525382488128395,30.7382731379789,1,N/A,1,14507642,https://explore.openaq.org/locations/6113251,Africa,Uganda,UG
6113252,airqo_g5449,,Africa/Kampala,133,UG,Uganda,1,OpenAQ admin,21,AirQo,FALSE,Non-reference / air sensor,FALSE,0.287828075221681,32.6245827905896,1,N/A,1,14507651,https://explore.openaq.org/locations/6113252,Africa,Uganda,UG
6113253,airqo_g5448,,Africa/Kampala,133,UG,Uganda,1,OpenAQ admin,21,AirQo,FALSE,Non-reference / air sensor,FALSE,-0.606604261427554,30.6586246776164,1,N/A,1,14507627,https://explore.openaq.org/locations/6113253,Africa,Uganda,UG
6113254,airqo_g5545,,Africa/Kampala,133,UG,Uganda,1,OpenAQ admin,21,AirQo,FALSE,Non-reference / air sensor,FALSE,-0.59737570815607,30.6963727459157,1,N/A,1,14507638,https://explore.openaq.org/locations/6113254,Africa,Uganda,UG
6114036,Ntinda,,Africa/Kampala,133,UG,Uganda,22712,AirQo,66,AirGradient,FALSE,Non-reference / air sensor,FALSE,0.360209,32.610756,26,AirGradient Open Air Max Generation 1 (O-M-1PPST-CE),1,14513205,https://explore.openaq.org/locations/6114036,Africa,Uganda,UG
6180052,Nebbi Central,,Africa/Kampala,133,UG,Uganda,12,AirGradient,66,AirGradient,FALSE,Non-reference / air sensor,FALSE,2.478561,31.089964,7,Unknown AirGradient Sensor,1,15003752,https://explore.openaq.org/locations/6180052,Africa,Uganda,UG
6336502,airqo_g5433,,Africa/Kampala,133,UG,Uganda,1,OpenAQ admin,21,AirQo,FALSE,Non-reference / air sensor,FALSE,0.263281479375254,32.6179187251898,1,N/A,1,16166164,https://explore.openaq.org/locations/6336502,Africa,Uganda,UG
6336503,airqo_g5546,,Africa/Kampala,133,UG,Uganda,1,OpenAQ admin,21,AirQo,FALSE,Non-reference / air sensor,FALSE,0.410556036179691,32.5709112165091,1,N/A,1,16166158,https://explore.openaq.org/locations/6336503,Africa,Uganda,UG
6336504,airqo_g5573,,Africa/Kampala,133,UG,Uganda,1,OpenAQ admin,21,AirQo,FALSE,Non-reference / air sensor,FALSE,0.313564404278341,32.405587681193,1,N/A,1,16166122,https://explore.openaq.org/locations/6336504,Africa,Uganda,UG
6336505,airqo_g5513,,Africa/Kampala,133,UG,Uganda,1,OpenAQ admin,21,AirQo,FALSE,Non-reference / air sensor,FALSE,0.306719370136281,32.5701126455761,1,N/A,1,16166162,https://explore.openaq.org/locations/6336505,Africa,Uganda,UG
6336506,airqo_g5555,,Africa/Kampala,133,UG,Uganda,1,OpenAQ admin,21,AirQo,FALSE,Non-reference / air sensor,FALSE,0.241954208605476,32.6244265274536,1,N/A,1,16166168,https://explore.openaq.org/locations/6336506,Africa,Uganda,UG
6336507,airqo_g5558,,Africa/Kampala,133,UG,Uganda,1,OpenAQ admin,21,AirQo,FALSE,Non-reference / air sensor,FALSE,0.349013356882665,32.6285509056738,1,N/A,1,16166154,https://explore.openaq.org/locations/6336507,Africa,Uganda,UG
6336508,airqo_g5566,,Africa/Kampala,133,UG,Uganda,1,OpenAQ admin,21,AirQo,FALSE,Non-reference / air sensor,FALSE,0.324032910888594,32.6182631903506,1,N/A,1,16166152,https://explore.openaq.org/locations/6336508,Africa,Uganda,UG
6336509,airqo_g5549,,Africa/Kampala,133,UG,Uganda,1,OpenAQ admin,21,AirQo,FALSE,Non-reference / air sensor,FALSE,0.231416903618594,32.6247158054035,1,N/A,1,16166166,https://explore.openaq.org/locations/6336509,Africa,Uganda,UG
6336510,airqo_g5551,,Africa/Kampala,133,UG,Uganda,1,OpenAQ admin,21,AirQo,FALSE,Non-reference / air sensor,FALSE,0.324940760235749,32.5876936480058,1,N/A,1,16166156,https://explore.openaq.org/locations/6336510,Africa,Uganda,UG
6336511,airqo_g5569,,Africa/Kampala,133,UG,Uganda,1,OpenAQ admin,21,AirQo,FALSE,Non-reference / air sensor,FALSE,0.308986021874783,32.3980848549644,1,N/A,1,16166124,https://explore.openaq.org/locations/6336511,Africa,Uganda,UG
6336512,airqo_g5518,,Africa/Kampala,133,UG,Uganda,1,OpenAQ admin,21,AirQo,FALSE,Non-reference / air sensor,FALSE,0.329653394057386,32.5830663134401,1,N/A,1,16166160,https://explore.openaq.org/locations/6336512,Africa,Uganda,UG
6384166,"Kampala, Mulago National Referral Hospital, GEOHealth",,Africa/Kampala,133,UG,Uganda,23894,GEOHealth Hub for Eastern Africa,441,GeoHealth,TRUE,Reference monitor,FALSE,0.33654,32.57613,18,BAM 1022,1,16478958,https://explore.openaq.org/locations/6384166,Africa,Uganda,UG
3075781,COLLEGE NAL,,Africa/Douala,147,CM,Cameroon,11170,Melissa Kwenkeu,66,AirGradient,FALSE,Non-reference / air sensor,FALSE,4.0484707851265,9.76950582887233,7,Unknown AirGradient Sensor,1,10708486,https://explore.openaq.org/locations/3075781,Africa,Cameroon,CM
3211672,Dernier Poteau,,Africa/Douala,147,CM,Cameroon,11509,Unknown Person,66,AirGradient,FALSE,Non-reference / air sensor,FALSE,3.89772090721177,11.5658922272904,7,Unknown AirGradient Sensor,1,11151284,https://explore.openaq.org/locations/3211672,Africa,Cameroon,CM
6269206,Behind Mbingo Annex Bonaberi (CAIC office),,Africa/Douala,147,CM,Cameroon,12,AirGradient,66,AirGradient,FALSE,Non-reference / air sensor,FALSE,3.988671,9.690027,7,Unknown AirGradient Sensor,1,15663594,https://explore.openaq.org/locations/6269206,Africa,Cameroon,CM
6328202,airqo-g5182,,Africa/Douala,147,CM,Cameroon,1,OpenAQ admin,21,AirQo,FALSE,Non-reference / air sensor,FALSE,3.88839919112953,11.5442955276411,1,N/A,1,16103836,https://explore.openaq.org/locations/6328202,Africa,Cameroon,CM
6328203,airqo-g5188,,Africa/Douala,147,CM,Cameroon,1,OpenAQ admin,21,AirQo,FALSE,Non-reference / air sensor,FALSE,3.87760993122045,11.4500232427887,1,N/A,1,16103832,https://explore.openaq.org/locations/6328203,Africa,Cameroon,CM
6328204,airqo-g5172,,Africa/Douala,147,CM,Cameroon,1,OpenAQ admin,21,AirQo,FALSE,Non-reference / air sensor,FALSE,3.90068,11.50855,1,N/A,1,16103838,https://explore.openaq.org/locations/6328204,Africa,Cameroon,CM
6328205,airqo_g5216,,Africa/Douala,147,CM,Cameroon,1,OpenAQ admin,21,AirQo,FALSE,Non-reference / air sensor,FALSE,3.83123365898947,11.4837621715434,1,N/A,1,16103834,https://explore.openaq.org/locations/6328205,Africa,Cameroon,CM
6328206,airqo_g5332,,Africa/Douala,147,CM,Cameroon,1,OpenAQ admin,21,AirQo,FALSE,Non-reference / air sensor,FALSE,3.83928450160358,11.4696071974517,1,N/A,1,16103842,https://explore.openaq.org/locations/6328206,Africa,Cameroon,CM
6328207,airqo_g5344,,Africa/Douala,147,CM,Cameroon,1,OpenAQ admin,21,AirQo,FALSE,Non-reference / air sensor,FALSE,3.96354089842799,11.5387600744636,1,N/A,1,16103840,https://explore.openaq.org/locations/6328207,Africa,Cameroon,CM
6328208,airqo_g5225,,Africa/Douala,147,CM,Cameroon,1,OpenAQ admin,21,AirQo,FALSE,Non-reference / air sensor,FALSE,3.84158319298813,11.5406065286766,1,N/A,1,16103830,https://explore.openaq.org/locations/6328208,Africa,Cameroon,CM
6384611,Urban peripheric area of Nkolbisson : Increasing population and biaomass burning source,,Africa/Douala,147,CM,Cameroon,9,Clarity,166,Clarity,FALSE,Non-reference / air sensor,FALSE,3.87345,11.45437,4,Clarity Sensor,1,16482248,https://explore.openaq.org/locations/6384611,Africa,Cameroon,CM
6384612,Significant commercial activities and medium to high road traffic emission of Essos area,,Africa/Douala,147,CM,Cameroon,9,Clarity,166,Clarity,FALSE,Non-reference / air sensor,FALSE,3.87196,11.53602,4,Clarity Sensor,1,16482249,https://explore.openaq.org/locations/6384612,Africa,Cameroon,CM
6384613,Reference site with lower emissions and greater vegetation cover of Bastos,,Africa/Douala,147,CM,Cameroon,9,Clarity,166,Clarity,FALSE,Non-reference / air sensor,FALSE,3.90141,11.50469,4,Clarity Sensor,1,16482251,https://explore.openaq.org/locations/6384613,Africa,Cameroon,CM
6384614,High exposure to traffic and industrial activities emissions of Mvog-mbi area,,Africa/Douala,147,CM,Cameroon,9,Clarity,166,Clarity,FALSE,Non-reference / air sensor,FALSE,3.84162,11.51431,4,Clarity Sensor,1,16482250,https://explore.openaq.org/locations/6384614,Africa,Cameroon,CM
6439157,airqo_bam_data_logger_08,,Africa/Douala,147,CM,Cameroon,1,OpenAQ admin,21,AirQo,FALSE,Non-reference / air sensor,FALSE,3.86784571277629,11.4934583005588,1,N/A,1,16885180,https://explore.openaq.org/locations/6439157,Africa,Cameroon,CM
42,SPARTAN - Ilorin University,,Africa/Lagos,100,NG,Nigeria,4,Unknown Governmental Organization,226,Spartan,TRUE,Reference monitor,FALSE,8.484,4.675,2,Government Monitor,1,62,https://explore.openaq.org/locations/42,Africa,Nigeria,NG
220715,Abuja,N/A,Africa/Lagos,100,NG,Nigeria,4,Unknown Governmental Organization,119,AirNow,TRUE,Reference monitor,FALSE,9.041648,7.477374,2,Government Monitor,1,1286151,https://explore.openaq.org/locations/220715,Africa,Nigeria,NG
404479,Lagos,N/A,Africa/Lagos,100,NG,Nigeria,4,Unknown Governmental Organization,119,AirNow,TRUE,Reference monitor,FALSE,6.440483,3.406815,2,Government Monitor,1,2251459,https://explore.openaq.org/locations/404479,Africa,Nigeria,NG
1285346,SPARTAN - Ilorin University,Ilorin,Africa/Lagos,100,NG,Nigeria,4,Unknown Governmental Organization,64,SPARTAN Network,TRUE,Reference monitor,FALSE,8.4841,4.6745,2,Government Monitor,1,6566256,https://explore.openaq.org/locations/1285346,Africa,Nigeria,NG
1894636,"Ogada, Obubra Local Government Area (LGA)",,Africa/Lagos,100,NG,Nigeria,9,Clarity,166,Clarity,FALSE,Non-reference / air sensor,FALSE,6.066,8.34,4,Clarity Sensor,1,7466350,https://explore.openaq.org/locations/1894636,Africa,Nigeria,NG
1894640,Calabar,,Africa/Lagos,100,NG,Nigeria,9,Clarity,166,Clarity,FALSE,Non-reference / air sensor,FALSE,5.02529,8.34843,4,Clarity Sensor,1,7466400,https://explore.openaq.org/locations/1894640,Africa,Nigeria,NG
3400895,University of Lagos/Makoko,,Africa/Lagos,100,NG,Nigeria,16826,LAMATA,66,AirGradient,FALSE,Non-reference / air sensor,FALSE,6.517912,3.385983,7,Unknown AirGradient Sensor,1,12178112,https://explore.openaq.org/locations/3400895,Africa,Nigeria,NG
4579812,Sagamu Road - Ikorodu,,Africa/Lagos,100,NG,Nigeria,16826,LAMATA,66,AirGradient,FALSE,Non-reference / air sensor,FALSE,6.63512,3.51558,22,AirGradient ONE Generation 9 (I-9PSL-DE),1,13844885,https://explore.openaq.org/locations/4579812,Africa,Nigeria,NG
4605121,M.K.O Abiola Gardens,,Africa/Lagos,100,NG,Nigeria,16826,LAMATA,66,AirGradient,FALSE,Non-reference / air sensor,FALSE,6.621462,3.362492,22,AirGradient ONE Generation 9 (I-9PSL-DE),1,13851866,https://explore.openaq.org/locations/4605121,Africa,Nigeria,NG
4839210,Ikate - Lagos,,Africa/Lagos,100,NG,Nigeria,16826,LAMATA,66,AirGradient,FALSE,Non-reference / air sensor,FALSE,6.42993,3.48893,7,Unknown AirGradient Sensor,1,13408231,https://explore.openaq.org/locations/4839210,Africa,Nigeria,NG
4850452,Shagisha - Magodo,,Africa/Lagos,100,NG,Nigeria,16826,LAMATA,66,AirGradient,FALSE,Non-reference / air sensor,FALSE,6.61389788260381,3.37470481094047,7,Unknown AirGradient Sensor,1,13418561,https://explore.openaq.org/locations/4850452,Africa,Nigeria,NG
4903342,Osborne - Ikoyi,,Africa/Lagos,100,NG,Nigeria,16826,LAMATA,66,AirGradient,FALSE,Non-reference / air sensor,FALSE,6.458151,3.423132,24,AirGradient Open Air Generation 1 (O-1PST),1,13466038,https://explore.openaq.org/locations/4903342,Africa,Nigeria,NG
4903422,Dolphin Estate - Lagos,,Africa/Lagos,100,NG,Nigeria,16826,LAMATA,66,AirGradient,FALSE,Non-reference / air sensor,FALSE,6.45829,3.415643,24,AirGradient Open Air Generation 1 (O-1PST),1,13466606,https://explore.openaq.org/locations/4903422,Africa,Nigeria,NG
4944273,LAMATA Place,,Africa/Lagos,100,NG,Nigeria,16826,LAMATA,66,AirGradient,FALSE,Non-reference / air sensor,FALSE,6.59493949639075,3.38316142521408,7,Unknown AirGradient Sensor,1,13500417,https://explore.openaq.org/locations/4944273,Africa,Nigeria,NG
4944274,Ikorodu Bus Terminal,,Africa/Lagos,100,NG,Nigeria,16826,LAMATA,66,AirGradient,FALSE,Non-reference / air sensor,FALSE,6.62097547999851,3.50254830231298,7,Unknown AirGradient Sensor,1,13500422,https://explore.openaq.org/locations/4944274,Africa,Nigeria,NG
4959161,Ketu - Lagos,,Africa/Lagos,100,NG,Nigeria,16826,LAMATA,66,AirGradient,FALSE,Non-reference / air sensor,FALSE,6.59704997701764,3.3887163100638,22,AirGradient ONE Generation 9 (I-9PSL-DE),1,13512808,https://explore.openaq.org/locations/4959161,Africa,Nigeria,NG
4969237,Oshodi,,Africa/Lagos,100,NG,Nigeria,16826,LAMATA,66,AirGradient,FALSE,Non-reference / air sensor,FALSE,6.55657799743097,3.35230611863999,7,Unknown AirGradient Sensor,1,13520831,https://explore.openaq.org/locations/4969237,Africa,Nigeria,NG
4986946,Arepo - Ogun State,,Africa/Lagos,100,NG,Nigeria,16826,LAMATA,66,AirGradient,FALSE,Non-reference / air sensor,FALSE,6.69690014817649,3.42533132058632,24,AirGradient Open Air Generation 1 (O-1PST),1,13534809,https://explore.openaq.org/locations/4986946,Africa,Nigeria,NG
5009574,Ikorodu Bus Terminal,,Africa/Lagos,100,NG,Nigeria,16826,LAMATA,66,AirGradient,FALSE,Non-reference / air sensor,FALSE,6.621149,3.502032,7,Unknown AirGradient Sensor,1,13552437,https://explore.openaq.org/locations/5009574,Africa,Nigeria,NG
5011605,Ikorodu Bus Terminal,,Africa/Lagos,100,NG,Nigeria,16826,LAMATA,66,AirGradient,FALSE,Non-reference / air sensor,FALSE,6.6209012385251,3.50271746737617,26,AirGradient Open Air Max Generation 1 (O-M-1PPST-CE),1,13553849,https://explore.openaq.org/locations/5011605,Africa,Nigeria,NG
5016266,LAMATA Place,,Africa/Lagos,100,NG,Nigeria,16826,LAMATA,66,AirGradient,FALSE,Non-reference / air sensor,FALSE,6.59436572707469,3.38324724508503,7,Unknown AirGradient Sensor,1,13557362,https://explore.openaq.org/locations/5016266,Africa,Nigeria,NG
5038498,Oshodi Bus Terminal 3,,Africa/Lagos,100,NG,Nigeria,16826,LAMATA,66,AirGradient,FALSE,Non-reference / air sensor,FALSE,6.55665260807917,3.3522846609683,26,AirGradient Open Air Max Generation 1 (O-M-1PPST-CE),1,13573593,https://explore.openaq.org/locations/5038498,Africa,Nigeria,NG
5045024,Ifako-Ijaiye Bus Terminal,,Africa/Lagos,100,NG,Nigeria,16826,LAMATA,66,AirGradient,FALSE,Non-reference / air sensor,FALSE,6.63134149665713,3.32466185545875,26,AirGradient Open Air Max Generation 1 (O-M-1PPST-CE),1,13578379,https://explore.openaq.org/locations/5045024,Africa,Nigeria,NG
5046018,Agege Redline Train Station,,Africa/Lagos,100,NG,Nigeria,16826,LAMATA,66,AirGradient,FALSE,Non-reference / air sensor,FALSE,6.62099413708793,3.32588520445222,26,AirGradient Open Air Max Generation 1 (O-M-1PPST-CE),1,13578919,https://explore.openaq.org/locations/5046018,Africa,Nigeria,NG
5095987,Iju Redline Train Station ,,Africa/Lagos,100,NG,Nigeria,16826,LAMATA,66,AirGradient,FALSE,Non-reference / air sensor,FALSE,6.66263400819088,3.31880868025411,7,Unknown AirGradient Sensor,1,13843835,https://explore.openaq.org/locations/5095987,Africa,Nigeria,NG
5108993,Ikeja Bus Terminal ,,Africa/Lagos,100,NG,Nigeria,16826,LAMATA,66,AirGradient,FALSE,Non-reference / air sensor,FALSE,6.59155243234869,3.33843009149118,7,Unknown AirGradient Sensor,1,13928964,https://explore.openaq.org/locations/5108993,Africa,Nigeria,NG
5129500,Abule Egaba Bus Terminal,,Africa/Lagos,100,NG,Nigeria,16826,LAMATA,66,AirGradient,FALSE,Non-reference / air sensor,FALSE,6.64748483724529,3.30651086882426,7,Unknown AirGradient Sensor,1,13860205,https://explore.openaq.org/locations/5129500,Africa,Nigeria,NG
5154310,MMIA Ewu Bus Terminal,,Africa/Lagos,100,NG,Nigeria,16826,LAMATA,66,AirGradient,FALSE,Non-reference / air sensor,FALSE,6.55552330606207,3.32377820086534,7,Unknown AirGradient Sensor,1,13843840,https://explore.openaq.org/locations/5154310,Africa,Nigeria,NG
5188632,Ojota Bus Terminal,,Africa/Lagos,100,NG,Nigeria,16826,LAMATA,66,AirGradient,FALSE,Non-reference / air sensor,FALSE,6.58939284235853,3.37802444983894,1,N/A,1,13843845,https://explore.openaq.org/locations/5188632,Africa,Nigeria,NG
5269430,Lawanson QBC,,Africa/Lagos,100,NG,Nigeria,16826,LAMATA,66,AirGradient,FALSE,Non-reference / air sensor,FALSE,6.51230924613708,3.34810632702351,26,AirGradient Open Air Max Generation 1 (O-M-1PPST-CE),1,13843850,https://explore.openaq.org/locations/5269430,Africa,Nigeria,NG
5269431,Ojuelegba QBC,,Africa/Lagos,100,NG,Nigeria,16826,LAMATA,66,AirGradient,FALSE,Non-reference / air sensor,FALSE,6.51031605673298,3.36285137495132,1,N/A,1,14010806,https://explore.openaq.org/locations/5269431,Africa,Nigeria,NG
5269926,Cele Bus Terminal,,Africa/Lagos,100,NG,Nigeria,16826,LAMATA,66,AirGradient,FALSE,Non-reference / air sensor,FALSE,6.51213987392102,3.33395362489283,7,Unknown AirGradient Sensor,1,13843855,https://explore.openaq.org/locations/5269926,Africa,Nigeria,NG
5350409,LASWA - Five Cowries Terminal,,Africa/Lagos,100,NG,Nigeria,16826,LAMATA,66,AirGradient,FALSE,Non-reference / air sensor,FALSE,6.44232108224905,3.42742470882008,26,AirGradient Open Air Max Generation 1 (O-M-1PPST-CE),1,13843860,https://explore.openaq.org/locations/5350409,Africa,Nigeria,NG
5516338,MARINA INTERCHANGE STATION,,Africa/Lagos,100,NG,Nigeria,16826,LAMATA,15,IQAir,FALSE,Non-reference / air sensor,FALSE,6.4461,3.395,17,AirVisual,1,13923456,https://explore.openaq.org/locations/5516338,Africa,Nigeria,NG
5516341,Mile 2 Interchange,,Africa/Lagos,100,NG,Nigeria,16826,LAMATA,15,IQAir,FALSE,Non-reference / air sensor,FALSE,6.4383,3.2634,17,AirVisual,1,13923457,https://explore.openaq.org/locations/5516341,Africa,Nigeria,NG
5516343,Justrite - Ogolonto,,Africa/Lagos,100,NG,Nigeria,16826,LAMATA,15,IQAir,FALSE,Non-reference / air sensor,FALSE,6.6187,3.4757,17,AirVisual,1,13923470,https://explore.openaq.org/locations/5516343,Africa,Nigeria,NG
5593111,"WEP/DH360, Abuja",,Africa/Lagos,100,NG,Nigeria,12,AirGradient,66,AirGradient,FALSE,Non-reference / air sensor,FALSE,9.076479,7.398574,24,AirGradient Open Air Generation 1 (O-1PST),1,13980967,https://explore.openaq.org/locations/5593111,Africa,Nigeria,NG
6069199,AUPP Liger Leadership Academy,,Africa/Lagos,100,NG,Nigeria,22711,AUPP Liger Leadership Academy,66,AirGradient,FALSE,Non-reference / air sensor,FALSE,11.8888,11.9887,24,AirGradient Open Air Generation 1 (O-1PST),1,14326423,https://explore.openaq.org/locations/6069199,Africa,Nigeria,NG
6095033,Ojuelegba QBC,,Africa/Lagos,100,NG,Nigeria,16826,LAMATA,66,AirGradient,FALSE,Non-reference / air sensor,FALSE,6.51031605673298,3.36285137495132,7,Unknown AirGradient Sensor,1,14374451,https://explore.openaq.org/locations/6095033,Africa,Nigeria,NG
6098049,Mile 12 Bus Terminal,,Africa/Lagos,100,NG,Nigeria,16826,LAMATA,66,AirGradient,FALSE,Non-reference / air sensor,FALSE,6.60504992904534,3.40165457524023,7,Unknown AirGradient Sensor,1,14396503,https://explore.openaq.org/locations/6098049,Africa,Nigeria,NG
6135379,Agidigbi - Acme Road,,Africa/Lagos,100,NG,Nigeria,16826,LAMATA,66,AirGradient,FALSE,Non-reference / air sensor,FALSE,6.623708,3.35343,24,AirGradient Open Air Generation 1 (O-1PST),1,14671555,https://explore.openaq.org/locations/6135379,Africa,Nigeria,NG
6286016,"Miri Air - Cathedral Church, Marina",,Africa/Lagos,100,NG,Nigeria,31810,Miri Africa,444,Miri Africa,FALSE,Non-reference / air sensor,FALSE,6.45105,3.390427,33,Miri Air,1,15787527,https://explore.openaq.org/locations/6286016,Africa,Nigeria,NG
6286017,Miri Air - Oto Awori LCDA,,Africa/Lagos,100,NG,Nigeria,31810,Miri Africa,444,Miri Africa,FALSE,Non-reference / air sensor,FALSE,6.495998,3.11861,33,Miri Air,1,15787532,https://explore.openaq.org/locations/6286017,Africa,Nigeria,NG
6286018,"Miri Air - Diamond School, Ogijo",,Africa/Lagos,100,NG,Nigeria,31810,Miri Africa,444,Miri Africa,FALSE,Non-reference / air sensor,FALSE,6.682738,3.522837,1;33,N/A; Miri Air,1,15915968,https://explore.openaq.org/locations/6286018,Africa,Nigeria,NG
6286019,Miri Air - Oregun,,Africa/Lagos,100,NG,Nigeria,31810,Miri Africa,444,Miri Africa,FALSE,Non-reference / air sensor,FALSE,6.600993,3.374127,33,Miri Air,1,15787522,https://explore.openaq.org/locations/6286019,Africa,Nigeria,NG
6286020,Miri Air - Ipaja,,Africa/Lagos,100,NG,Nigeria,31810,Miri Africa,444,Miri Africa,FALSE,Non-reference / air sensor,FALSE,6.606038,3.28162,33,Miri Air,1,15787512,https://explore.openaq.org/locations/6286020,Africa,Nigeria,NG
6286021,Miri Air - Amuwo Odofin,,Africa/Lagos,100,NG,Nigeria,31810,Miri Africa,444,Miri Africa,FALSE,Non-reference / air sensor,FALSE,6.476257,3.321345,33,Miri Air,1,15787542,https://explore.openaq.org/locations/6286021,Africa,Nigeria,NG
6286022,Miri Air -  Abijo Eti-Osa,,Africa/Lagos,100,NG,Nigeria,31810,Miri Africa,444,Miri Africa,FALSE,Non-reference / air sensor,FALSE,6.473717,3.66227,33,Miri Air,1,15787547,https://explore.openaq.org/locations/6286022,Africa,Nigeria,NG
6286023,Miri Air - Anwar-ul-Islam Model College,,Africa/Lagos,100,NG,Nigeria,31810,Miri Africa,444,Miri Africa,FALSE,Non-reference / air sensor,FALSE,6.61357,3.31702,33,Miri Air,1,15787537,https://explore.openaq.org/locations/6286023,Africa,Nigeria,NG
6286024,Miri Air - Gbagada,,Africa/Lagos,100,NG,Nigeria,31810,Miri Africa,444,Miri Africa,FALSE,Non-reference / air sensor,FALSE,6.551907,3.380637,33,Miri Air,1,15787552,https://explore.openaq.org/locations/6286024,Africa,Nigeria,NG
6286025,Miri Air - Igbogbo Ikorodu,,Africa/Lagos,100,NG,Nigeria,31810,Miri Africa,444,Miri Africa,FALSE,Non-reference / air sensor,FALSE,6.59405,3.506105,33,Miri Air,1,15787517,https://explore.openaq.org/locations/6286025,Africa,Nigeria,NG
6295420,"Abadina College, UI Ibadan",,Africa/Lagos,100,NG,Nigeria,34150,Air Quality for Collective Public Health Action Project,66,AirGradient,FALSE,Non-reference / air sensor,FALSE,7.454657,3.900718,7,Unknown AirGradient Sensor,1,15857697,https://explore.openaq.org/locations/6295420,Africa,Nigeria,NG
6299185,"Mapo Primary Health Centre, Ibadan ",,Africa/Lagos,100,NG,Nigeria,34150,Air Quality for Collective Public Health Action Project,66,AirGradient,FALSE,Non-reference / air sensor,FALSE,7.376418,3.897608,7,Unknown AirGradient Sensor,1,15886593,https://explore.openaq.org/locations/6299185,Africa,Nigeria,NG
6299186,"Algon Comprehensive Health Centre, Eyin Grammar Ibadan",,Africa/Lagos,100,NG,Nigeria,34150,Air Quality for Collective Public Health Action Project,66,AirGradient,FALSE,Non-reference / air sensor,FALSE,7.346166,3.893137,7,Unknown AirGradient Sensor,1,15886598,https://explore.openaq.org/locations/6299186,Africa,Nigeria,NG
6299187,"Ifelodun High School, Oke Agbo Ikorodu Lagos",,Africa/Lagos,100,NG,Nigeria,12,AirGradient,66,AirGradient,FALSE,Non-reference / air sensor,FALSE,6.60825,3.646838,7,Unknown AirGradient Sensor,1,15886603,https://explore.openaq.org/locations/6299187,Africa,Nigeria,NG
6299188,"Lead City University, Ibadan ",,Africa/Lagos,100,NG,Nigeria,12,AirGradient,66,AirGradient,FALSE,Non-reference / air sensor,FALSE,7.326534,3.880054,7,Unknown AirGradient Sensor,1,15886608,https://explore.openaq.org/locations/6299188,Africa,Nigeria,NG
6299189,"Felele Health Center, Ibadan",,Africa/Lagos,100,NG,Nigeria,34150,Air Quality for Collective Public Health Action Project,66,AirGradient,FALSE,Non-reference / air sensor,FALSE,7.345248,3.888743,7,Unknown AirGradient Sensor,1,15886613,https://explore.openaq.org/locations/6299189,Africa,Nigeria,NG
6299190,"Boluwaji Primary Health Care Centre, Ibadan",,Africa/Lagos,100,NG,Nigeria,12,AirGradient,66,AirGradient,FALSE,Non-reference / air sensor,FALSE,7.343316,3.905807,7,Unknown AirGradient Sensor,1,15886618,https://explore.openaq.org/locations/6299190,Africa,Nigeria,NG
6299191,"People's Girls Grammar School, Ibadan ",,Africa/Lagos,100,NG,Nigeria,12,AirGradient,66,AirGradient,FALSE,Non-reference / air sensor,FALSE,7.359716,3.887311,7,Unknown AirGradient Sensor,1,15886623,https://explore.openaq.org/locations/6299191,Africa,Nigeria,NG
6336488,airqo_g5469,,Africa/Lagos,100,NG,Nigeria,1,OpenAQ admin,21,AirQo,FALSE,Non-reference / air sensor,FALSE,6.59841697170863,3.4841303919155,1,N/A,1,16166126,https://explore.openaq.org/locations/6336488,Africa,Nigeria,NG
6336489,airqo_g5502,,Africa/Lagos,100,NG,Nigeria,1,OpenAQ admin,21,AirQo,FALSE,Non-reference / air sensor,FALSE,4.80587884207396,7.05298967300622,1,N/A,1,16166142,https://explore.openaq.org/locations/6336489,Africa,Nigeria,NG
6336490,airqo_g5488,,Africa/Lagos,100,NG,Nigeria,1,OpenAQ admin,21,AirQo,FALSE,Non-reference / air sensor,FALSE,6.48421799566165,3.38646952341604,1,N/A,1,16166138,https://explore.openaq.org/locations/6336490,Africa,Nigeria,NG
6336491,airqo_g5503,,Africa/Lagos,100,NG,Nigeria,1,OpenAQ admin,21,AirQo,FALSE,Non-reference / air sensor,FALSE,6.62244913604368,3.46607898521052,1,N/A,1,16166130,https://explore.openaq.org/locations/6336491,Africa,Nigeria,NG
6336492,airqo_g5450,,Africa/Lagos,100,NG,Nigeria,1,OpenAQ admin,21,AirQo,FALSE,Non-reference / air sensor,FALSE,4.83737835813249,6.98404476244288,1,N/A,1,16166146,https://explore.openaq.org/locations/6336492,Africa,Nigeria,NG
6336493,airqo_g5474,,Africa/Lagos,100,NG,Nigeria,1,OpenAQ admin,21,AirQo,FALSE,Non-reference / air sensor,FALSE,6.50914164807093,3.36561641765123,1,N/A,1,16166136,https://explore.openaq.org/locations/6336493,Africa,Nigeria,NG
6336494,airqo_g5379,,Africa/Lagos,100,NG,Nigeria,1,OpenAQ admin,21,AirQo,FALSE,Non-reference / air sensor,FALSE,6.62662404216387,3.48907064647931,1,N/A,1,16166128,https://explore.openaq.org/locations/6336494,Africa,Nigeria,NG
6336495,airqo_g5467,,Africa/Lagos,100,NG,Nigeria,1,OpenAQ admin,21,AirQo,FALSE,Non-reference / air sensor,FALSE,4.8099995046099,6.98897587545907,1,N/A,1,16166148,https://explore.openaq.org/locations/6336495,Africa,Nigeria,NG
6336496,airqo_g5482,,Africa/Lagos,100,NG,Nigeria,1,OpenAQ admin,21,AirQo,FALSE,Non-reference / air sensor,FALSE,6.62186883266843,3.48690015661202,1,N/A,1,16166140,https://explore.openaq.org/locations/6336496,Africa,Nigeria,NG
6336497,airqo_g5465,,Africa/Lagos,100,NG,Nigeria,1,OpenAQ admin,21,AirQo,FALSE,Non-reference / air sensor,FALSE,6.59820038512248,3.38065438284654,1,N/A,1,16166132,https://explore.openaq.org/locations/6336497,Africa,Nigeria,NG
6336498,airqo_g5454,,Africa/Lagos,100,NG,Nigeria,1,OpenAQ admin,21,AirQo,FALSE,Non-reference / air sensor,FALSE,4.79005886927257,6.98037460390122,1,N/A,1,16166144,https://explore.openaq.org/locations/6336498,Africa,Nigeria,NG
6336499,airqo_g5500,,Africa/Lagos,100,NG,Nigeria,1,OpenAQ admin,21,AirQo,FALSE,Non-reference / air sensor,FALSE,4.80368021437982,7.01438297427273,1,N/A,1,16166150,https://explore.openaq.org/locations/6336499,Africa,Nigeria,NG
6336500,airqo_g5483,,Africa/Lagos,100,NG,Nigeria,1,OpenAQ admin,21,AirQo,FALSE,Non-reference / air sensor,FALSE,6.53206818404838,3.35765401240825,1,N/A,1,16166134,https://explore.openaq.org/locations/6336500,Africa,Nigeria,NG
6336501,airqo_g5501,,Africa/Lagos,100,NG,Nigeria,1,OpenAQ admin,21,AirQo,FALSE,Non-reference / air sensor,FALSE,9.17536696052236,7.32828372798853,1,N/A,1,16166170,https://explore.openaq.org/locations/6336501,Africa,Nigeria,NG
6337437,"Junior Secondary School, Gwarinpa 1 Abuja",,Africa/Lagos,100,NG,Nigeria,12,AirGradient,66,AirGradient,FALSE,Non-reference / air sensor,FALSE,9.098071,7.405604,7,Unknown AirGradient Sensor,1,16172614,https://explore.openaq.org/locations/6337437,Africa,Nigeria,NG
6337606,"Primary Health Care Centre, Dutse Alhaji Abuja",,Africa/Lagos,100,NG,Nigeria,12,AirGradient,66,AirGradient,FALSE,Non-reference / air sensor,FALSE,9.141579,7.37284,7,Unknown AirGradient Sensor,1,16173897,https://explore.openaq.org/locations/6337606,Africa,Nigeria,NG
6337607,"Dutse Ultramodern Market, Abuja",,Africa/Lagos,100,NG,Nigeria,12,AirGradient,66,AirGradient,FALSE,Non-reference / air sensor,FALSE,9.139078,7.368162,7,Unknown AirGradient Sensor,1,16173902,https://explore.openaq.org/locations/6337607,Africa,Nigeria,NG
6337608,"Kagini Primary Health Care Centre, Abuja",,Africa/Lagos,100,NG,Nigeria,12,AirGradient,66,AirGradient,FALSE,Non-reference / air sensor,FALSE,9.130234,7.299346,7,Unknown AirGradient Sensor,1,16173907,https://explore.openaq.org/locations/6337608,Africa,Nigeria,NG
6337693,airqo_g5505,,Africa/Lagos,100,NG,Nigeria,1,OpenAQ admin,21,AirQo,FALSE,Non-reference / air sensor,FALSE,6.59261412162679,3.33408593705236,1,N/A,1,16174522,https://explore.openaq.org/locations/6337693,Africa,Nigeria,NG
6338613,"Government Secondary School, Nyanya Abuja",,Africa/Lagos,100,NG,Nigeria,12,AirGradient,66,AirGradient,FALSE,Non-reference / air sensor,FALSE,9.029622,7.573613,7,Unknown AirGradient Sensor,1,16181420,https://explore.openaq.org/locations/6338613,Africa,Nigeria,NG
6344130,airqo_g5507,,Africa/Lagos,100,NG,Nigeria,1,OpenAQ admin,21,AirQo,FALSE,Non-reference / air sensor,FALSE,7.36033784985852,3.88523240726536,1,N/A,1,16222985,https://explore.openaq.org/locations/6344130,Africa,Nigeria,NG
6366721,airqo_g5480,,Africa/Lagos,100,NG,Nigeria,1,OpenAQ admin,21,AirQo,FALSE,Non-reference / air sensor,FALSE,6.51969600965266,3.36206164557724,1,N/A,1,16350109,https://explore.openaq.org/locations/6366721,Africa,Nigeria,NG
6385967,"Ojota Senior Secondary School, Lagos",,Africa/Lagos,100,NG,Nigeria,12,AirGradient,66,AirGradient,FALSE,Non-reference / air sensor,FALSE,6.583717,3.376489,7,Unknown AirGradient Sensor,1,16492237,https://explore.openaq.org/locations/6385967,Africa,Nigeria,NG
6388220,"Arab Market - Quarry Site, Kubwa Abuja",,Africa/Lagos,100,NG,Nigeria,12,AirGradient,66,AirGradient,FALSE,Non-reference / air sensor,FALSE,9.160416,7.311466,7,Unknown AirGradient Sensor,1,16508743,https://explore.openaq.org/locations/6388220,Africa,Nigeria,NG
6397520,University of Lagos,,Africa/Lagos,100,NG,Nigeria,1,OpenAQ admin,479,Aurassure,FALSE,Non-reference / air sensor,FALSE,6.518702,3.393998,1,N/A,1,16577537,https://explore.openaq.org/locations/6397520,Africa,Nigeria,NG
6418170,"National Center for Energy Research and Development, UNN",,Africa/Lagos,100,NG,Nigeria,12,AirGradient,66,AirGradient,FALSE,Non-reference / air sensor,FALSE,6.86619803855233,7.41581676524409,7,Unknown AirGradient Sensor,1,16730275,https://explore.openaq.org/locations/6418170,Africa,Nigeria,NG
6446047,Oyingbo Redline Train Station,,Africa/Lagos,100,NG,Nigeria,11,HabitatMap,200,HabitatMap,FALSE,Non-reference / air sensor,FALSE,6.483101537,3.381469958,5,HabitatMap Sensor,1,16934674,https://explore.openaq.org/locations/6446047,Africa,Nigeria,NG
6446048,Omole Estate,,Africa/Lagos,100,NG,Nigeria,11,HabitatMap,200,HabitatMap,FALSE,Non-reference / air sensor,FALSE,6.634556774,3.360754251,5,HabitatMap Sensor,1,16934673,https://explore.openaq.org/locations/6446048,Africa,Nigeria,NG
6446049,Iganmu Blueline Train Station,,Africa/Lagos,100,NG,Nigeria,11,HabitatMap,200,HabitatMap,FALSE,Non-reference / air sensor,FALSE,6.477294344,3.342855871,5,HabitatMap Sensor,1,16934672,https://explore.openaq.org/locations/6446049,Africa,Nigeria,NG
6446050,Alaba Blueline Train Station,,Africa/Lagos,100,NG,Nigeria,11,HabitatMap,200,HabitatMap,FALSE,Non-reference / air sensor,FALSE,6.463859126,3.323720992,5,HabitatMap Sensor,1,16934671,https://explore.openaq.org/locations/6446050,Africa,Nigeria,NG
3459,Embassy Kathmandu,N/A,Asia/Kathmandu,145,NP,Nepal,4,Unknown Governmental Organization,119,AirNow,TRUE,Reference monitor,FALSE,27.738703,85.336206,2,Government Monitor,1,7710,https://explore.openaq.org/locations/3459,Asia,Nepal,NP
3460,Phora Durbar Kathman,N/A,Asia/Kathmandu,145,NP,Nepal,4,Unknown Governmental Organization,119,AirNow,TRUE,Reference monitor,FALSE,27.712464,85.315703,2,Government Monitor,1,7711,https://explore.openaq.org/locations/3460,Asia,Nepal,NP
1236017,"Dhathutole, Handigaun",,Asia/Kathmandu,145,NP,Nepal,4,Unknown Governmental Organization,66,AirGradient,FALSE,Non-reference / air sensor,FALSE,27.727502,85.330135,7,Unknown AirGradient Sensor,1,6530219,https://explore.openaq.org/locations/1236017,Asia,Nepal,NP
2848864,"Dabali, Handigaun",,Asia/Kathmandu,145,NP,Nepal,11509,Unknown Person,66,AirGradient,FALSE,Non-reference / air sensor,FALSE,27.68189114,85.28707804,7,Unknown AirGradient Sensor,1,9235746,https://explore.openaq.org/locations/2848864,Asia,Nepal,NP
5506835,Gaushala Chowk (SC-01) - GD Labs,,Asia/Kathmandu,145,NP,Nepal,22716,Green Decision Labs and Research,66,AirGradient,FALSE,Non-reference / air sensor,FALSE,27.707763,85.343189,24,AirGradient Open Air Generation 1 (O-1PST),1,14153358,https://explore.openaq.org/locations/5506835,Asia,Nepal,NP
5509787,Baluwatar (SC-02) - GD Labs,,Asia/Kathmandu,145,NP,Nepal,22716,Green Decision Labs and Research,66,AirGradient,FALSE,Non-reference / air sensor,FALSE,27.7249438,85.331062,7,Unknown AirGradient Sensor,1,14207425,https://explore.openaq.org/locations/5509787,Asia,Nepal,NP
5509788,Lagankhel (SC - 05) - GD Labs,,Asia/Kathmandu,145,NP,Nepal,22716,Green Decision Labs and Research,66,AirGradient,FALSE,Non-reference / air sensor,FALSE,27.666459,85.323093,24,AirGradient Open Air Generation 1 (O-1PST),1,14272754,https://explore.openaq.org/locations/5509788,Asia,Nepal,NP
5518333,Sifal(SC-03)- GD Labs,,Asia/Kathmandu,145,NP,Nepal,22716,Green Decision Labs and Research,66,AirGradient,FALSE,Non-reference / air sensor,FALSE,27.710794,85.340591,24,AirGradient Open Air Generation 1 (O-1PST),1,14975414,https://explore.openaq.org/locations/5518333,Asia,Nepal,NP
5519358,Lamtangil (SC-04)- GD Labs,,Asia/Kathmandu,145,NP,Nepal,22716,Green Decision Labs and Research,66,AirGradient,FALSE,Non-reference / air sensor,FALSE,27.731368,85.336783,24,AirGradient Open Air Generation 1 (O-1PST),1,14976381,https://explore.openaq.org/locations/5519358,Asia,Nepal,NP
5598104,Pulchowk (SC-44) - GD Labs,,Asia/Kathmandu,145,NP,Nepal,22716,Green Decision Labs and Research,66,AirGradient,FALSE,Non-reference / air sensor,FALSE,27.6773887,85.3184176,24,AirGradient Open Air Generation 1 (O-1PST),1,14153468,https://explore.openaq.org/locations/5598104,Asia,Nepal,NP
5633032,Nakhipot (SC-08) - GD Labs,,Asia/Kathmandu,145,NP,Nepal,12,AirGradient,66,AirGradient,FALSE,Non-reference / air sensor,FALSE,27.6510811,85.3178568,7,Unknown AirGradient Sensor,1,14153373,https://explore.openaq.org/locations/5633032,Asia,Nepal,NP
5634500,Sunakothi (SC - 06) - GD Labs,,Asia/Kathmandu,145,NP,Nepal,22716,Green Decision Labs and Research,66,AirGradient,FALSE,Non-reference / air sensor,FALSE,27.630412,85.320402,24,AirGradient Open Air Generation 1 (O-1PST),1,14153363,https://explore.openaq.org/locations/5634500,Asia,Nepal,NP
5676345,Chovar (SC - 07) - GD Labs,,Asia/Kathmandu,145,NP,Nepal,22716,Green Decision Labs and Research,66,AirGradient,FALSE,Non-reference / air sensor,FALSE,27.6662854,85.2937189,24,AirGradient Open Air Generation 1 (O-1PST),1,14153368,https://explore.openaq.org/locations/5676345,Asia,Nepal,NP
5676826,Taudaha (SC - 09) - GD Labs,,Asia/Kathmandu,145,NP,Nepal,22716,Green Decision Labs and Research,66,AirGradient,FALSE,Non-reference / air sensor,FALSE,27.651121,85.283954,24,AirGradient Open Air Generation 1 (O-1PST),1,14153378,https://explore.openaq.org/locations/5676826,Asia,Nepal,NP
5695597,"CEN-SR-25: Patako Chowk, Patan Durbar Square",,Asia/Kathmandu,145,NP,Nepal,12,AirGradient,66,AirGradient,FALSE,Non-reference / air sensor,FALSE,27.673979,85.325392,7,Unknown AirGradient Sensor,1,14153463,https://explore.openaq.org/locations/5695597,Asia,Nepal,NP
5698877,Bharatpur Ward no 27 office Meghauli,,Asia/Kathmandu,145,NP,Nepal,22714,Clean Energy Nepal (CEN),66,AirGradient,FALSE,Non-reference / air sensor,FALSE,27.57961,84.23604,24,AirGradient Open Air Generation 1 (O-1PST),1,14153458,https://explore.openaq.org/locations/5698877,Asia,Nepal,NP
5699844,Farsidol Relocated,,Asia/Kathmandu,145,NP,Nepal,22714,Clean Energy Nepal (CEN),66,AirGradient,FALSE,Non-reference / air sensor,FALSE,27.609972,85.296917,26,AirGradient Open Air Max Generation 1 (O-M-1PPST-CE),1,14573141,https://explore.openaq.org/locations/5699844,Asia,Nepal,NP
5709621,Hetauda Sub-Metropolitan City Office (CEN-SR-15),,Asia/Kathmandu,145,NP,Nepal,22714,Clean Energy Nepal (CEN),66,AirGradient,FALSE,Non-reference / air sensor,FALSE,27.43358,85.03828,24,AirGradient Open Air Generation 1 (O-1PST),1,14564633,https://explore.openaq.org/locations/5709621,Asia,Nepal,NP
5710077,CEN-SR-02: Farsidol Brick Factories,,Asia/Kathmandu,145,NP,Nepal,22714,Clean Energy Nepal (CEN),66,AirGradient,FALSE,Non-reference / air sensor,FALSE,27.6175,85.2961,26,AirGradient Open Air Max Generation 1 (O-M-1PPST-CE),1,14153453,https://explore.openaq.org/locations/5710077,Asia,Nepal,NP
5710078,Hetauda Udhyog Sang Office (CEN-SR-18),,Asia/Kathmandu,145,NP,Nepal,22714,Clean Energy Nepal (CEN),66,AirGradient,FALSE,Non-reference / air sensor,FALSE,27.40233,85.02521,24,AirGradient Open Air Generation 1 (O-1PST),1,14171644,https://explore.openaq.org/locations/5710078,Asia,Nepal,NP
6070692,Shantichowk (SC-11) - GD Labs,,Asia/Kathmandu,145,NP,Nepal,22716,Green Decision Labs and Research,66,AirGradient,FALSE,Non-reference / air sensor,FALSE,27.7239866,85.2793095,24,AirGradient Open Air Generation 1 (O-1PST),1,14327494,https://explore.openaq.org/locations/6070692,Asia,Nepal,NP
6071242,Gothatar (SC-12) - GD Labs,,Asia/Kathmandu,145,NP,Nepal,22716,Green Decision Labs and Research,66,AirGradient,FALSE,Non-reference / air sensor,FALSE,27.7109112,85.3803717,24,AirGradient Open Air Generation 1 (O-1PST),1,14327776,https://explore.openaq.org/locations/6071242,Asia,Nepal,NP
6083043,Gokarneshwor (SC-13) - GD Labs,,Asia/Kathmandu,145,NP,Nepal,22716,Green Decision Labs and Research,66,AirGradient,FALSE,Non-reference / air sensor,FALSE,27.7206848,85.381682,24,AirGradient Open Air Generation 1 (O-1PST),1,14335684,https://explore.openaq.org/locations/6083043,Asia,Nepal,NP
6092366,CEN_SR-09: Dhangadhdi Sub-metropolitan City Office,,Asia/Kathmandu,145,NP,Nepal,22714,Clean Energy Nepal (CEN),66,AirGradient,FALSE,Non-reference / air sensor,FALSE,28.70728,80.585126,24,AirGradient Open Air Generation 1 (O-1PST),1,14355143,https://explore.openaq.org/locations/6092366,Asia,Nepal,NP
6092405,CEN-SR-14: Dhangadhi Sub-metropolitan Ward 8,,Asia/Kathmandu,145,NP,Nepal,22714,Clean Energy Nepal (CEN),66,AirGradient,FALSE,Non-reference / air sensor,FALSE,28.699953,80.600298,22,AirGradient ONE Generation 9 (I-9PSL-DE),1,14355424,https://explore.openaq.org/locations/6092405,Asia,Nepal,NP
6093431,Mahankal (SC-16) - GD Labs,,Asia/Kathmandu,145,NP,Nepal,22716,Green Decision Labs and Research,66,AirGradient,FALSE,Non-reference / air sensor,FALSE,27.7258555,85.3581047,24,AirGradient Open Air Generation 1 (O-1PST),1,14362965,https://explore.openaq.org/locations/6093431,Asia,Nepal,NP
6093432,Chhetrapati (SC - 19) - GD Labs,,Asia/Kathmandu,145,NP,Nepal,22716,Green Decision Labs and Research,66,AirGradient,FALSE,Non-reference / air sensor,FALSE,27.7119136,85.3061473,24,AirGradient Open Air Generation 1 (O-1PST),1,14363831,https://explore.openaq.org/locations/6093432,Asia,Nepal,NP
6093548,Tarakeswor (SC-14)-GD Labs,,Asia/Kathmandu,145,NP,Nepal,22716,Green Decision Labs and Research,66,AirGradient,FALSE,Non-reference / air sensor,FALSE,27.759667,85.289631,24,AirGradient Open Air Generation 1 (O-1PST),1,14363840,https://explore.openaq.org/locations/6093548,Asia,Nepal,NP
6093549,Golfutar (SC- 17) - GD Labs,,Asia/Kathmandu,145,NP,Nepal,22716,Green Decision Labs and Research,66,AirGradient,FALSE,Non-reference / air sensor,FALSE,27.74857,85.349052,24,AirGradient Open Air Generation 1 (O-1PST),1,14363845,https://explore.openaq.org/locations/6093549,Asia,Nepal,NP
6093550,Tankeshwor (SC- 18) - GD Labs,,Asia/Kathmandu,145,NP,Nepal,22716,Green Decision Labs and Research,66,AirGradient,FALSE,Non-reference / air sensor,FALSE,27.7003531,85.3015259,24,AirGradient Open Air Generation 1 (O-1PST),1,14363850,https://explore.openaq.org/locations/6093550,Asia,Nepal,NP
6093551,Teku Ward 12 (SC - 20) - GD Labs ,,Asia/Kathmandu,145,NP,Nepal,22716,Green Decision Labs and Research,66,AirGradient,FALSE,Non-reference / air sensor,FALSE,27.6988338,85.3041625,24,AirGradient Open Air Generation 1 (O-1PST),1,14415608,https://explore.openaq.org/locations/6093551,Asia,Nepal,NP
6093752,Ramkot (SC - 10) - GD Labs,,Asia/Kathmandu,145,NP,Nepal,12,AirGradient,66,AirGradient,FALSE,Non-reference / air sensor,FALSE,27.695671,85.337428,24,AirGradient Open Air Generation 1 (O-1PST),1,14365294,https://explore.openaq.org/locations/6093752,Asia,Nepal,NP
6094668,Sundarighat (SC-23) - GD Labs,,Asia/Kathmandu,145,NP,Nepal,22716,Green Decision Labs and Research,66,AirGradient,FALSE,Non-reference / air sensor,FALSE,27.6737702,85.2948301,24,AirGradient Open Air Generation 1 (O-1PST),1,14371768,https://explore.openaq.org/locations/6094668,Asia,Nepal,NP
6094706,Kritipur Ward 3 (SC-25) - GD Labs,,Asia/Kathmandu,145,NP,Nepal,22716,Green Decision Labs and Research,66,AirGradient,FALSE,Non-reference / air sensor,FALSE,27.6774083,85.2727816,24,AirGradient Open Air Generation 1 (O-1PST),1,14372571,https://explore.openaq.org/locations/6094706,Asia,Nepal,NP
6094777,Tyanglaphat (SC - 21) - GD Labs,,Asia/Kathmandu,145,NP,Nepal,22716,Green Decision Labs and Research,66,AirGradient,FALSE,Non-reference / air sensor,FALSE,27.6861651,85.28026,22,AirGradient ONE Generation 9 (I-9PSL-DE),1,14372566,https://explore.openaq.org/locations/6094777,Asia,Nepal,NP
6094778,Sanepa (SC - 22) - GD Labs,,Asia/Kathmandu,145,NP,Nepal,22716,Green Decision Labs and Research,66,AirGradient,FALSE,Non-reference / air sensor,FALSE,27.6854882,85.3091634,24,AirGradient Open Air Generation 1 (O-1PST),1,14372847,https://explore.openaq.org/locations/6094778,Asia,Nepal,NP
6094779,Balaju (SC-26)- GD Labs,,Asia/Kathmandu,145,NP,Nepal,22716,Green Decision Labs and Research,66,AirGradient,FALSE,Non-reference / air sensor,FALSE,27.738289,85.302611,24,AirGradient Open Air Generation 1 (O-1PST),1,14372576,https://explore.openaq.org/locations/6094779,Asia,Nepal,NP
6095032,"CEN-SR-17: Bhaluwang, Dang",,Asia/Kathmandu,145,NP,Nepal,22714,Clean Energy Nepal (CEN),66,AirGradient,FALSE,Non-reference / air sensor,FALSE,27.841728,82.763938,24,AirGradient Open Air Generation 1 (O-1PST),1,14374446,https://explore.openaq.org/locations/6095032,Asia,Nepal,NP
6095642,CEN-SR-08/ Birendranagar Municipality,,Asia/Kathmandu,145,NP,Nepal,22714,Clean Energy Nepal (CEN),66,AirGradient,FALSE,Non-reference / air sensor,FALSE,28.595355,81.62317,22,AirGradient ONE Generation 9 (I-9PSL-DE),1,14378957,https://explore.openaq.org/locations/6095642,Asia,Nepal,NP
6096081,Tarakeswor (SC-15)- GD Labs,,Asia/Kathmandu,145,NP,Nepal,12,AirGradient,66,AirGradient,FALSE,Non-reference / air sensor,FALSE,27.759288,85.289453,7,Unknown AirGradient Sensor,1,14382736,https://explore.openaq.org/locations/6096081,Asia,Nepal,NP
6096082,CEN-SR-10: Siddharthanagar Municipality Ward no. 4,,Asia/Kathmandu,145,NP,Nepal,22714,Clean Energy Nepal (CEN),66,AirGradient,FALSE,Non-reference / air sensor,FALSE,27.509584,83.421013,22,AirGradient ONE Generation 9 (I-9PSL-DE),1,14382741,https://explore.openaq.org/locations/6096082,Asia,Nepal,NP
6096083,CEN-SR-07: Siddharthanagar Municipality City Office Ward No. 5,,Asia/Kathmandu,145,NP,Nepal,22714,Clean Energy Nepal (CEN),66,AirGradient,FALSE,Non-reference / air sensor,FALSE,27.505918,83.451909,22,AirGradient ONE Generation 9 (I-9PSL-DE),1,14382199,https://explore.openaq.org/locations/6096083,Asia,Nepal,NP
6097220,CEN-SR-16: Pokhara Metropolitan City Ward No. 7 Office,,Asia/Kathmandu,145,NP,Nepal,22714,Clean Energy Nepal (CEN),66,AirGradient,FALSE,Non-reference / air sensor,FALSE,28.205667,83.973964,7,Unknown AirGradient Sensor,1,14390316,https://explore.openaq.org/locations/6097220,Asia,Nepal,NP
6108737,"CEN-SR-12: Lamahi Municipality Office, Dang",,Asia/Kathmandu,145,NP,Nepal,22714,Clean Energy Nepal (CEN),66,AirGradient,FALSE,Non-reference / air sensor,FALSE,27.867904,82.526074,24,AirGradient Open Air Generation 1 (O-1PST),1,14475463,https://explore.openaq.org/locations/6108737,Asia,Nepal,NP
6108844,CEN-SR-22:Birendranagar Ward 12 Sahakari Chowk,,Asia/Kathmandu,145,NP,Nepal,22714,Clean Energy Nepal (CEN),66,AirGradient,FALSE,Non-reference / air sensor,FALSE,28.59776,81.640329,22,AirGradient ONE Generation 9 (I-9PSL-DE),1,14476519,https://explore.openaq.org/locations/6108844,Asia,Nepal,NP
6118806,"CEN-SR-05: Shree Vindhyavasini Secondary School, Pokhara",,Asia/Kathmandu,145,NP,Nepal,22714,Clean Energy Nepal (CEN),66,AirGradient,FALSE,Non-reference / air sensor,FALSE,28.262683,83.979606,24,AirGradient Open Air Generation 1 (O-1PST),1,14548529,https://explore.openaq.org/locations/6118806,Asia,Nepal,NP
6120977,Sitapaila (SC-30) - GD Labs,,Asia/Kathmandu,145,NP,Nepal,22716,Green Decision Labs and Research,66,AirGradient,FALSE,Non-reference / air sensor,FALSE,27.7093728,85.2808987,24,AirGradient Open Air Generation 1 (O-1PST),1,14564638,https://explore.openaq.org/locations/6120977,Asia,Nepal,NP
6121046,Tokha (SC-31) - GD Labs,,Asia/Kathmandu,145,NP,Nepal,22716,Green Decision Labs and Research,66,AirGradient,FALSE,Non-reference / air sensor,FALSE,27.7560283,85.3268462,24,AirGradient Open Air Generation 1 (O-1PST),1,14565153,https://explore.openaq.org/locations/6121046,Asia,Nepal,NP
6121047,Imadol(SC-27)- GD Labs,,Asia/Kathmandu,145,NP,Nepal,22716,Green Decision Labs and Research,66,AirGradient,FALSE,Non-reference / air sensor,FALSE,27.661062,85.347716,24,AirGradient Open Air Generation 1 (O-1PST),1,14565158,https://explore.openaq.org/locations/6121047,Asia,Nepal,NP
6121083,Balkumari(SC-28)- GD Labs,,Asia/Kathmandu,145,NP,Nepal,22716,Green Decision Labs and Research,66,AirGradient,FALSE,Non-reference / air sensor,FALSE,27.671069,85.338037,24,AirGradient Open Air Generation 1 (O-1PST),1,14565418,https://explore.openaq.org/locations/6121083,Asia,Nepal,NP
6121118,Tokha (SC - 32) - GD Labs,,Asia/Kathmandu,145,NP,Nepal,22716,Green Decision Labs and Research,66,AirGradient,FALSE,Non-reference / air sensor,FALSE,27.7376474,85.319391,24,AirGradient Open Air Generation 1 (O-1PST),1,14565678,https://explore.openaq.org/locations/6121118,Asia,Nepal,NP
6121225,Kaushaltar (SC - 33) GD labs,,Asia/Kathmandu,145,NP,Nepal,22716,Green Decision Labs and Research,66,AirGradient,FALSE,Non-reference / air sensor,FALSE,27.6724803,85.3617649,24,AirGradient Open Air Generation 1 (O-1PST),1,14566457,https://explore.openaq.org/locations/6121225,Asia,Nepal,NP
6122103,CEN-SR-04: Birgunj Metropolitan City Ward No 25,,Asia/Kathmandu,145,NP,Nepal,22714,Clean Energy Nepal (CEN),66,AirGradient,FALSE,Non-reference / air sensor,FALSE,27.0264126,84.852162,22,AirGradient ONE Generation 9 (I-9PSL-DE),1,14573146,https://explore.openaq.org/locations/6122103,Asia,Nepal,NP
6128821,Kadhaghari (SC-42)-GD Labs,,Asia/Kathmandu,145,NP,Nepal,22716,Green Decision Labs and Research,66,AirGradient,FALSE,Non-reference / air sensor,FALSE,27.696521,85.369882,24,AirGradient Open Air Generation 1 (O-1PST),1,14623361,https://explore.openaq.org/locations/6128821,Asia,Nepal,NP
6133623,Jadibuti (SC-35)-GD Labs,,Asia/Kathmandu,145,NP,Nepal,22716,Green Decision Labs and Research,66,AirGradient,FALSE,Non-reference / air sensor,FALSE,27.682109,85.354791,24,AirGradient Open Air Generation 1 (O-1PST),1,14659111,https://explore.openaq.org/locations/6133623,Asia,Nepal,NP
6135972,CEN-SR-13: Birgunj Metropolitan City Office,,Asia/Kathmandu,145,NP,Nepal,22714,Clean Energy Nepal (CEN),66,AirGradient,FALSE,Non-reference / air sensor,FALSE,27.0118695,84.8709016,7,Unknown AirGradient Sensor,1,14675083,https://explore.openaq.org/locations/6135972,Asia,Nepal,NP
6138068,Purano naikap (SC-29)-GD Labs,,Asia/Kathmandu,145,NP,Nepal,12,AirGradient,66,AirGradient,FALSE,Non-reference / air sensor,FALSE,27.705718,85.255141,7,Unknown AirGradient Sensor,1,14802207,https://explore.openaq.org/locations/6138068,Asia,Nepal,NP
6138104,CEN-SR-11: Janakpurdham Sub-metropolitian City Office,,Asia/Kathmandu,145,NP,Nepal,22714,Clean Energy Nepal (CEN),66,AirGradient,FALSE,Non-reference / air sensor,FALSE,26.7303,85.9317,24,AirGradient Open Air Generation 1 (O-1PST),1,14727142,https://explore.openaq.org/locations/6138104,Asia,Nepal,NP
6141726,CEN-SR-03:Biratnagar metropolitan city office ,,Asia/Kathmandu,145,NP,Nepal,12,AirGradient,66,AirGradient,FALSE,Non-reference / air sensor,FALSE,26.465215,87.283333,7,Unknown AirGradient Sensor,1,14717154,https://explore.openaq.org/locations/6141726,Asia,Nepal,NP
6141873,Khokana (SC-41)-GD Labs,,Asia/Kathmandu,145,NP,Nepal,22716,Green Decision Labs and Research,66,AirGradient,FALSE,Non-reference / air sensor,FALSE,27.637633,85.301661,22,AirGradient ONE Generation 9 (I-9PSL-DE),1,14718256,https://explore.openaq.org/locations/6141873,Asia,Nepal,NP
6141912,Kupondole (SC-40)-GD Labs,,Asia/Kathmandu,145,NP,Nepal,22716,Green Decision Labs and Research,66,AirGradient,FALSE,Non-reference / air sensor,FALSE,27.689661,85.310442,24,AirGradient Open Air Generation 1 (O-1PST),1,14718801,https://explore.openaq.org/locations/6141912,Asia,Nepal,NP
6142022,Mid Baneshwor (SC-39)-GD Labs,,Asia/Kathmandu,145,NP,Nepal,22716,Green Decision Labs and Research,66,AirGradient,FALSE,Non-reference / air sensor,FALSE,27.693662,85.340501,7,Unknown AirGradient Sensor,1,14719352,https://explore.openaq.org/locations/6142022,Asia,Nepal,NP
6142174,Ranibari (SC-43)-GD Labs,,Asia/Kathmandu,145,NP,Nepal,22716,Green Decision Labs and Research,66,AirGradient,FALSE,Non-reference / air sensor,FALSE,27.727562,85.321155,7,Unknown AirGradient Sensor,1,14720442,https://explore.openaq.org/locations/6142174,Asia,Nepal,NP
6142175,Sorakhutte (SC-36)-GD Labs,,Asia/Kathmandu,145,NP,Nepal,12,AirGradient,66,AirGradient,FALSE,Non-reference / air sensor,FALSE,27.71847,85.310271,7,Unknown AirGradient Sensor,1,14720447,https://explore.openaq.org/locations/6142175,Asia,Nepal,NP
6143672,CEN-SR-06: Biratnagar Metropolitan City ward no 9 Office,,Asia/Kathmandu,145,NP,Nepal,22714,Clean Energy Nepal (CEN),66,AirGradient,FALSE,Non-reference / air sensor,FALSE,26.45611111,87.28388889,24,AirGradient Open Air Generation 1 (O-1PST),1,14731541,https://explore.openaq.org/locations/6143672,Asia,Nepal,NP
6151750,Pulchowk (SC-15)-GD Labs,,Asia/Kathmandu,145,NP,Nepal,12,AirGradient,66,AirGradient,FALSE,Non-reference / air sensor,FALSE,27.676946,85.318494,7,Unknown AirGradient Sensor,1,14792689,https://explore.openaq.org/locations/6151750,Asia,Nepal,NP
6151854,"Haugal Ganesh Temple, Patan Durbar Square",,Asia/Kathmandu,145,NP,Nepal,12,AirGradient,66,AirGradient,FALSE,Non-reference / air sensor,FALSE,27.671944,85.324444,7,Unknown AirGradient Sensor,1,14793466,https://explore.openaq.org/locations/6151854,Asia,Nepal,NP
6151924,"CEN-SR-20: Janakpurdham SMC-08, Janaki Eye Hospital",,Asia/Kathmandu,145,NP,Nepal,12,AirGradient,66,AirGradient,FALSE,Non-reference / air sensor,FALSE,26.739072,85.916906,7,Unknown AirGradient Sensor,1,14793988,https://explore.openaq.org/locations/6151924,Asia,Nepal,NP
6161963,CEN-SR-19 : Bharatpur Ward 02,,Asia/Kathmandu,145,NP,Nepal,22714,Clean Energy Nepal (CEN),66,AirGradient,FALSE,Non-reference / air sensor,FALSE,27.69765,84.4323,24,AirGradient Open Air Generation 1 (O-1PST),1,14869287,https://explore.openaq.org/locations/6161963,Asia,Nepal,NP
6176215,Tripureshowr (SC-24)- GD Labs,,Asia/Kathmandu,145,NP,Nepal,22716,Green Decision Labs and Research,66,AirGradient,FALSE,Non-reference / air sensor,FALSE,27.692998,85.312458,24,AirGradient Open Air Generation 1 (O-1PST),1,14974921,https://explore.openaq.org/locations/6176215,Asia,Nepal,NP
6218294,Kathmandu University,,Asia/Kathmandu,145,NP,Nepal,12,AirGradient,66,AirGradient,FALSE,Non-reference / air sensor,FALSE,27.6200410436666,85.5394357537704,7,Unknown AirGradient Sensor,1,15286458,https://explore.openaq.org/locations/6218294,Asia,Nepal,NP
6218364,Kathmandu University,,Asia/Kathmandu,145,NP,Nepal,12,AirGradient,66,AirGradient,FALSE,Non-reference / air sensor,FALSE,27.6199554878915,85.5394035672635,7,Unknown AirGradient Sensor,1,15286975,https://explore.openaq.org/locations/6218364,Asia,Nepal,NP
6218365,Kathmandu University,,Asia/Kathmandu,145,NP,Nepal,12,AirGradient,66,AirGradient,FALSE,Non-reference / air sensor,FALSE,27.6199554878915,85.5394035672635,7,Unknown AirGradient Sensor,1,15286980,https://explore.openaq.org/locations/6218365,Asia,Nepal,NP
6230465,Bagdol,,Asia/Kathmandu,145,NP,Nepal,12,AirGradient,66,AirGradient,FALSE,Non-reference / air sensor,FALSE,27.671706,85.301619,7,Unknown AirGradient Sensor,1,15374668,https://explore.openaq.org/locations/6230465,Asia,Nepal,NP
6280985,Pulchowk Engineering Campus - ICE Labs,,Asia/Kathmandu,145,NP,Nepal,12,AirGradient,66,AirGradient,FALSE,Non-reference / air sensor,FALSE,27.681232,85.319189,7,Unknown AirGradient Sensor,1,15750367,https://explore.openaq.org/locations/6280985,Asia,Nepal,NP
6336000,Herne Katha,,Asia/Kathmandu,145,NP,Nepal,12,AirGradient,66,AirGradient,FALSE,Non-reference / air sensor,FALSE,27.6838241,85.3101773,7,Unknown AirGradient Sensor,1,16162468,https://explore.openaq.org/locations/6336000,Asia,Nepal,NP
6411330," FHI-OU-08: Amda Hospital, BSMC",,Asia/Kathmandu,145,NP,Nepal,12,AirGradient,66,AirGradient,FALSE,Non-reference / air sensor,FALSE,27.691597,83.479915,7,Unknown AirGradient Sensor,1,16679658,https://explore.openaq.org/locations/6411330,Asia,Nepal,NP
6411331,"FHI-OU-09: Lumbini Provincial Hospital, BSMC",,Asia/Kathmandu,145,NP,Nepal,12,AirGradient,66,AirGradient,FALSE,Non-reference / air sensor,FALSE,27.697469,83.463837,7,Unknown AirGradient Sensor,1,16679663,https://explore.openaq.org/locations/6411331,Asia,Nepal,NP
6415151,FHI-OU-07: BSMC Ward No. 18 Office,,Asia/Kathmandu,145,NP,Nepal,12,AirGradient,66,AirGradient,FALSE,Non-reference / air sensor,FALSE,27.643874,83.429237,7,Unknown AirGradient Sensor,1,16708037,https://explore.openaq.org/locations/6415151,Asia,Nepal,NP
6415152,"FHI-OU-10: Bhim Hospital, Siddharthanagar",,Asia/Kathmandu,145,NP,Nepal,12,AirGradient,66,AirGradient,FALSE,Non-reference / air sensor,FALSE,27.505767,83.454012,7,Unknown AirGradient Sensor,1,16708042,https://explore.openaq.org/locations/6415152,Asia,Nepal,NP
6439605,"FHI-OU-05: Nayagaun Secondary School, BSMC",,Asia/Kathmandu,145,NP,Nepal,12,AirGradient,66,AirGradient,FALSE,Non-reference / air sensor,FALSE,27.66345,83.409495,7,Unknown AirGradient Sensor,1,16888522,https://explore.openaq.org/locations/6439605,Asia,Nepal,NP
6445504,Sainamaina Municipality Ward No. 10,,Asia/Kathmandu,145,NP,Nepal,12,AirGradient,66,AirGradient,FALSE,Non-reference / air sensor,FALSE,27.702036,83.262739,7,Unknown AirGradient Sensor,1,16930311,https://explore.openaq.org/locations/6445504,Asia,Nepal,NP
6446599,Kalika Manavgyan Secondary School,,Asia/Kathmandu,145,NP,Nepal,12,AirGradient,66,AirGradient,FALSE,Non-reference / air sensor,FALSE,27.6817729382267,83.4657068161905,7,Unknown AirGradient Sensor,1,16937733,https://explore.openaq.org/locations/6446599,Asia,Nepal,NP
6446759,"FHI-OU-06: Semlar Health Post, BSMC",,Asia/Kathmandu,145,NP,Nepal,12,AirGradient,66,AirGradient,FALSE,Non-reference / air sensor,FALSE,27.66345,83.409495,7,Unknown AirGradient Sensor,1,16938868,https://explore.openaq.org/locations/6446759,Asia,Nepal,NP
6452195,FHI-OU-01: Butwal Sub-metro City Office,,Asia/Kathmandu,145,NP,Nepal,12,AirGradient,66,AirGradient,FALSE,Non-reference / air sensor,FALSE,27.707793,83.464583,7,Unknown AirGradient Sensor,1,16982238,https://explore.openaq.org/locations/6452195,Asia,Nepal,NP
6452509,FHI-OU-02: Sainamaina Municipal Hospital,,Asia/Kathmandu,145,NP,Nepal,12,AirGradient,66,AirGradient,FALSE,Non-reference / air sensor,FALSE,27.685927,83.338978,7,Unknown AirGradient Sensor,1,16981575,https://explore.openaq.org/locations/6452509,Asia,Nepal,NP
3,NMA - Nima,,Africa/Accra,152,GH,Ghana,4,Unknown Governmental Organization,209,Dr. Raphael E. Arku and Colleagues,TRUE,Reference monitor,FALSE,5.58389,-0.19968,2,Government Monitor,1,5,https://explore.openaq.org/locations/3,Africa,Ghana,GH
4,NMT - Nima,,Africa/Accra,152,GH,Ghana,4,Unknown Governmental Organization,209,Dr. Raphael E. Arku and Colleagues,TRUE,Reference monitor,FALSE,5.58165,-0.19898,2,Government Monitor,1,8,https://explore.openaq.org/locations/4,Africa,Ghana,GH
5,JTA - Jamestown,,Africa/Accra,152,GH,Ghana,4,Unknown Governmental Organization,209,Dr. Raphael E. Arku and Colleagues,TRUE,Reference monitor,FALSE,5.5401139,-0.2103972,2,Government Monitor,1,9,https://explore.openaq.org/locations/5,Africa,Ghana,GH
6,ADT - Asylum Down,,Africa/Accra,152,GH,Ghana,4,Unknown Governmental Organization,209,Dr. Raphael E. Arku and Colleagues,TRUE,Reference monitor,FALSE,5.570722,-0.2120555,2,Government Monitor,1,12,https://explore.openaq.org/locations/6,Africa,Ghana,GH
7,ADEPA - Asylum Down,,Africa/Accra,152,GH,Ghana,4,Unknown Governmental Organization,209,Dr. Raphael E. Arku and Colleagues,TRUE,Reference monitor,FALSE,5.567833,-0.2040278,2,Government Monitor,1,13,https://explore.openaq.org/locations/7,Africa,Ghana,GH
8,ADA - Asylum Down,,Africa/Accra,152,GH,Ghana,4,Unknown Governmental Organization,209,Dr. Raphael E. Arku and Colleagues,TRUE,Reference monitor,FALSE,5.566722,-0.2077778,2,Government Monitor,1,15,https://explore.openaq.org/locations/8,Africa,Ghana,GH
9,ELC - East Legon,,Africa/Accra,152,GH,Ghana,4,Unknown Governmental Organization,209,Dr. Raphael E. Arku and Colleagues,TRUE,Reference monitor,FALSE,5.6335571,-0.1651875,2,Government Monitor,1,18,https://explore.openaq.org/locations/9,Africa,Ghana,GH
10,ELT - East Legon,,Africa/Accra,152,GH,Ghana,4,Unknown Governmental Organization,209,Dr. Raphael E. Arku and Colleagues,TRUE,Reference monitor,FALSE,5.6408995,-0.1695437,2,Government Monitor,1,19,https://explore.openaq.org/locations/10,Africa,Ghana,GH
11,ELA - East Legon,,Africa/Accra,152,GH,Ghana,4,Unknown Governmental Organization,209,Dr. Raphael E. Arku and Colleagues,TRUE,Reference monitor,FALSE,5.6408137,-0.1579063,2,Government Monitor,1,21,https://explore.openaq.org/locations/11,Africa,Ghana,GH
9764,US Diplomatic Post: Accra,Accra,Africa/Accra,152,GH,Ghana,4,Unknown Governmental Organization,234,StateAir Accra,TRUE,Reference monitor,FALSE,5.579447,-0.170699,2,Government Monitor,1,30469,https://explore.openaq.org/locations/9764,Africa,Ghana,GH
947129,ARJWQ6WV,,Africa/Accra,152,GH,Ghana,6,Unknown Community Organization,166,Clarity,FALSE,Non-reference / air sensor,FALSE,5.65106880903608,-0.185855285840235,4,Clarity Sensor,1,2087968,https://explore.openaq.org/locations/947129,Africa,Ghana,GH
947131,AWJQ4MVT,,Africa/Accra,152,GH,Ghana,6,Unknown Community Organization,166,Clarity,FALSE,Non-reference / air sensor,FALSE,6.7133333,-1.52861111111111,4,Clarity Sensor,1,2087833,https://explore.openaq.org/locations/947131,Africa,Ghana,GH
947135,A7RWN47G,,Africa/Accra,152,GH,Ghana,6,Unknown Community Organization,166,Clarity,FALSE,Non-reference / air sensor,FALSE,6.7541667,-1.77138888888889,4,Clarity Sensor,1,2087837,https://explore.openaq.org/locations/947135,Africa,Ghana,GH
947145,ANHLHLNJ,,Africa/Accra,152,GH,Ghana,6,Unknown Community Organization,166,Clarity,FALSE,Non-reference / air sensor,FALSE,5.65106880903608,-0.185855285840235,4,Clarity Sensor,1,2087893,https://explore.openaq.org/locations/947145,Africa,Ghana,GH
1008918,AM9CQFVL,,Africa/Accra,152,GH,Ghana,6,Unknown Community Organization,166,Clarity,FALSE,Non-reference / air sensor,FALSE,6.7569444,-1.76416666666667,4,Clarity Sensor,1,2087831,https://explore.openaq.org/locations/1008918,Africa,Ghana,GH
1236045,Physics Department-UG-Accra/CAOA-UESD,,Africa/Accra,152,GH,Ghana,4,Unknown Governmental Organization,66,AirGradient,FALSE,Non-reference / air sensor,FALSE,5.651,-0.186,7,Unknown AirGradient Sensor,1,6530278,https://explore.openaq.org/locations/1236045,Africa,Ghana,GH
1374750,Built Environment UESD,,Africa/Accra,152,GH,Ghana,4,Unknown Governmental Organization,66,AirGradient,FALSE,Non-reference / air sensor,FALSE,6.05246,-0.00783,1;7,N/A; Unknown AirGradient Sensor,1,6673395,https://explore.openaq.org/locations/1374750,Africa,Ghana,GH
1471855,Built Environment UESD,,Africa/Accra,152,GH,Ghana,4,Unknown Governmental Organization,66,AirGradient,FALSE,Non-reference / air sensor,FALSE,6.051,-0.007,7,Unknown AirGradient Sensor,1,6809828,https://explore.openaq.org/locations/1471855,Africa,Ghana,GH
2453497,Afri-SET,,Africa/Accra,152,GH,Ghana,16696,Afri-SET,66,AirGradient,FALSE,Non-reference / air sensor,FALSE,5.6538423191239,-0.185874581230452,7,Unknown AirGradient Sensor,1,7897442,https://explore.openaq.org/locations/2453497,Africa,Ghana,GH
2453500,Afri-SET,,Africa/Accra,152,GH,Ghana,16696,Afri-SET,66,AirGradient,FALSE,Non-reference / air sensor,FALSE,5.6538423191239,-0.185874581230452,7,Unknown AirGradient Sensor,1,7897459,https://explore.openaq.org/locations/2453500,Africa,Ghana,GH
2453501,Afri-SET,,Africa/Accra,152,GH,Ghana,16696,Afri-SET,66,AirGradient,FALSE,Non-reference / air sensor,FALSE,5.6538423191239,-0.185874581230452,7,Unknown AirGradient Sensor,1,7897457,https://explore.openaq.org/locations/2453501,Africa,Ghana,GH
3025580,Dansoman Roundabout ,,Africa/Accra,152,GH,Ghana,21332,Breathe Accra,166,Clarity,FALSE,Non-reference / air sensor,FALSE,5.55851,-0.26448,4,Clarity Sensor,1,10330991,https://explore.openaq.org/locations/3025580,Africa,Ghana,GH
3025581,Kwashieman Presby Church ,,Africa/Accra,152,GH,Ghana,21332,Breathe Accra,166,Clarity,FALSE,Non-reference / air sensor,FALSE,5.59389,-0.26877,4,Clarity Sensor,1,10331000,https://explore.openaq.org/locations/3025581,Africa,Ghana,GH
3025582,West Hills Mall,,Africa/Accra,152,GH,Ghana,21332,Breathe Accra,166,Clarity,FALSE,Non-reference / air sensor,FALSE,5.54579,-0.34229,4,Clarity Sensor,1,10330999,https://explore.openaq.org/locations/3025582,Africa,Ghana,GH
3025583,Ashaley Botwe School Junction,,Africa/Accra,152,GH,Ghana,21332,Breathe Accra,166,Clarity,FALSE,Non-reference / air sensor,FALSE,5.67614,-0.12412,4,Clarity Sensor,1,10330997,https://explore.openaq.org/locations/3025583,Africa,Ghana,GH
3025584,37 Lorry Station ,,Africa/Accra,152,GH,Ghana,21332,Breathe Accra,166,Clarity,FALSE,Non-reference / air sensor,FALSE,5.58892,-0.17964,4,Clarity Sensor,1,10330996,https://explore.openaq.org/locations/3025584,Africa,Ghana,GH
3025585,Graphic Road,,Africa/Accra,152,GH,Ghana,21332,Breathe Accra,166,Clarity,FALSE,Non-reference / air sensor,FALSE,5.55895,-0.22526,4,Clarity Sensor,1,10331004,https://explore.openaq.org/locations/3025585,Africa,Ghana,GH
3025586,Lapaz Intersection ,,Africa/Accra,152,GH,Ghana,21332,Breathe Accra,166,Clarity,FALSE,Non-reference / air sensor,FALSE,5.60724,-0.24896,4,Clarity Sensor,1,10331005,https://explore.openaq.org/locations/3025586,Africa,Ghana,GH
3025587,Madina Zongo Junction ,,Africa/Accra,152,GH,Ghana,21332,Breathe Accra,166,Clarity,FALSE,Non-reference / air sensor,FALSE,5.6779,-0.17295,4,Clarity Sensor,1,10331003,https://explore.openaq.org/locations/3025587,Africa,Ghana,GH
3025588,Agbogbloshie ,,Africa/Accra,152,GH,Ghana,21332,Breathe Accra,166,Clarity,FALSE,Non-reference / air sensor,FALSE,5.55147,-0.21927,4,Clarity Sensor,1,10331001,https://explore.openaq.org/locations/3025588,Africa,Ghana,GH
3025589,Makola ,,Africa/Accra,152,GH,Ghana,21332,Breathe Accra,166,Clarity,FALSE,Non-reference / air sensor,FALSE,5.54848,-0.2072,4,Clarity Sensor,1,10330992,https://explore.openaq.org/locations/3025589,Africa,Ghana,GH
3025590,Osu Oxford Street,,Africa/Accra,152,GH,Ghana,21332,Breathe Accra,166,Clarity,FALSE,Non-reference / air sensor,FALSE,5.55969,-0.18202,4,Clarity Sensor,1,10331002,https://explore.openaq.org/locations/3025590,Africa,Ghana,GH
3025591,Nima Market ,,Africa/Accra,152,GH,Ghana,21332,Breathe Accra,166,Clarity,FALSE,Non-reference / air sensor,FALSE,5.58212,-0.19863,4,Clarity Sensor,1,10330995,https://explore.openaq.org/locations/3025591,Africa,Ghana,GH
3025592,Kaneshie Market ,,Africa/Accra,152,GH,Ghana,21332,Breathe Accra,166,Clarity,FALSE,Non-reference / air sensor,FALSE,5.56608,-0.23548,4,Clarity Sensor,1,10330998,https://explore.openaq.org/locations/3025592,Africa,Ghana,GH
3025593,Kwame Nkrumah Circle,,Africa/Accra,152,GH,Ghana,21332,Breathe Accra,166,Clarity,FALSE,Non-reference / air sensor,FALSE,5.56936,-0.21404,4,Clarity Sensor,1,10330993,https://explore.openaq.org/locations/3025593,Africa,Ghana,GH
3025594,Tetteh Quarshie Interchange,,Africa/Accra,152,GH,Ghana,21332,Breathe Accra,166,Clarity,FALSE,Non-reference / air sensor,FALSE,5.61919,-0.17626,4,Clarity Sensor,1,10330994,https://explore.openaq.org/locations/3025594,Africa,Ghana,GH
3091472,Amasaman ,,Africa/Accra,152,GH,Ghana,21332,Breathe Accra,166,Clarity,FALSE,Non-reference / air sensor,FALSE,5.7031,-0.29954,4,Clarity Sensor,1,10826686,https://explore.openaq.org/locations/3091472,Africa,Ghana,GH
4946349,Tema Community 3 SSNIT Flat ,,Africa/Accra,152,GH,Ghana,16890,EPA Ghana,66,AirGradient,FALSE,Non-reference / air sensor,FALSE,5.620955,-0.0237811,23,AirGradient Open Air (O-1PST-CE),1,13502139,https://explore.openaq.org/locations/4946349,Africa,Ghana,GH
4948390,"Tema Community 7, Royal School ",,Africa/Accra,152,GH,Ghana,16890,EPA Ghana,66,AirGradient,FALSE,Non-reference / air sensor,FALSE,5.6643461,-0.0090109,23,AirGradient Open Air (O-1PST-CE),1,13503584,https://explore.openaq.org/locations/4948390,Africa,Ghana,GH
4958512,Tema Community 25 Estate,,Africa/Accra,152,GH,Ghana,16890,EPA Ghana,66,AirGradient,FALSE,Non-reference / air sensor,FALSE,5.7246506,0.0173341,23,AirGradient Open Air (O-1PST-CE),1,13511638,https://explore.openaq.org/locations/4958512,Africa,Ghana,GH
4959010,"Satet International School, Tema Manhean",,Africa/Accra,152,GH,Ghana,16890,EPA Ghana,66,AirGradient,FALSE,Non-reference / air sensor,FALSE,5.6602607,0.0274806,23,AirGradient Open Air (O-1PST-CE),1,13511932,https://explore.openaq.org/locations/4959010,Africa,Ghana,GH
4959011,Kpone Methodists School,,Africa/Accra,152,GH,Ghana,16890,EPA Ghana,66,AirGradient,FALSE,Non-reference / air sensor,FALSE,5.6915154,0.0553638,23,AirGradient Open Air (O-1PST-CE),1,13511937,https://explore.openaq.org/locations/4959011,Africa,Ghana,GH
4959012,Tema Port,,Africa/Accra,152,GH,Ghana,16890,EPA Ghana,66,AirGradient,FALSE,Non-reference / air sensor,FALSE,5.634712,0.008879,23,AirGradient Open Air (O-1PST-CE),1,13511942,https://explore.openaq.org/locations/4959012,Africa,Ghana,GH
4967224,"Divine healer's Church, Bethlehem",,Africa/Accra,152,GH,Ghana,16890,EPA Ghana,66,AirGradient,FALSE,Non-reference / air sensor,FALSE,5.7045807,-0.0102789,23,AirGradient Open Air (O-1PST-CE),1,13519203,https://explore.openaq.org/locations/4967224,Africa,Ghana,GH
5190170,MSC_2Accra25,,Africa/Accra,152,GH,Ghana,12,AirGradient,66,AirGradient,FALSE,Non-reference / air sensor,FALSE,5.556,-0.1969,7,Unknown AirGradient Sensor,1,13683853,https://explore.openaq.org/locations/5190170,Africa,Ghana,GH
5907572,"County Hospital, Abrepo, Kumasi [Ghana AQ Project]",,Africa/Accra,152,GH,Ghana,9,Clarity,166,Clarity,FALSE,Non-reference / air sensor,FALSE,6.7268,-1.65759,4,Clarity Sensor,1,14208176,https://explore.openaq.org/locations/5907572,Africa,Ghana,GH
6092970,Ashiaman Market Area ,,Africa/Accra,152,GH,Ghana,21332,Breathe Accra,166,Clarity,FALSE,Non-reference / air sensor,FALSE,5.68844,-0.02933,4,Clarity Sensor,1,14359598,https://explore.openaq.org/locations/6092970,Africa,Ghana,GH
6092971,Tema Community Center,,Africa/Accra,152,GH,Ghana,21332,Breathe Accra,166,Clarity,FALSE,Non-reference / air sensor,FALSE,5.58864,-0.26867,4,Clarity Sensor,1,14359599,https://explore.openaq.org/locations/6092971,Africa,Ghana,GH
6109067,Kumasi,,Africa/Accra,152,GH,Ghana,23953,Victoria Owusu Tawiah,66,AirGradient,FALSE,Non-reference / air sensor,FALSE,6.932,-1.608,24,AirGradient Open Air Generation 1 (O-1PST),1,14477861,https://explore.openaq.org/locations/6109067,Africa,Ghana,GH
6109213,,,Africa/Accra,152,GH,Ghana,23953,Victoria Owusu Tawiah,66,AirGradient,FALSE,Non-reference / air sensor,FALSE,6.6931,-1.6088,24,AirGradient Open Air Generation 1 (O-1PST),1,14478955,https://explore.openaq.org/locations/6109213,Africa,Ghana,GH
6130293,Koforidua_ANUC,,Africa/Accra,152,GH,Ghana,9,Clarity,166,Clarity,FALSE,Non-reference / air sensor,FALSE,6.10941,-0.30206,4,Clarity Sensor,1,14634238,https://explore.openaq.org/locations/6130293,Africa,Ghana,GH
6235651,"Printex Junction, Spintex Rd",,Africa/Accra,152,GH,Ghana,9,Clarity,166,Clarity,FALSE,Non-reference / air sensor,FALSE,5.64031,-0.11971,4,Clarity Sensor,1,15413305,https://explore.openaq.org/locations/6235651,Africa,Ghana,GH
6242081,Wa Main Traffic,,Africa/Accra,152,GH,Ghana,29415,Ghana AQ,166,Clarity,FALSE,Non-reference / air sensor,FALSE,10.06166,-2.50828,4,Clarity Sensor,1,15461154,https://explore.openaq.org/locations/6242081,Africa,Ghana,GH
6242082,Takoradi Market Circle,,Africa/Accra,152,GH,Ghana,29415,Ghana AQ,166,Clarity,FALSE,Non-reference / air sensor,FALSE,4.89993,-1.76291,4,Clarity Sensor,1,15461150,https://explore.openaq.org/locations/6242082,Africa,Ghana,GH
6242083,Cape Coast UCC_North Campus,,Africa/Accra,152,GH,Ghana,29415,Ghana AQ,166,Clarity,FALSE,Non-reference / air sensor,FALSE,5.11551,-1.2928,4,Clarity Sensor,1,15461157,https://explore.openaq.org/locations/6242083,Africa,Ghana,GH
6242084,Kasoa Overhead Bridge,,Africa/Accra,152,GH,Ghana,29415,Ghana AQ,166,Clarity,FALSE,Non-reference / air sensor,FALSE,5.53429,-0.42468,4,Clarity Sensor,1,15461156,https://explore.openaq.org/locations/6242084,Africa,Ghana,GH
6242085,Aburi Town Center,,Africa/Accra,152,GH,Ghana,29415,Ghana AQ,166,Clarity,FALSE,Non-reference / air sensor,FALSE,5.84408,-0.17517,4,Clarity Sensor,1,15461155,https://explore.openaq.org/locations/6242085,Africa,Ghana,GH
6242086,CCMA Office,,Africa/Accra,152,GH,Ghana,29415,Ghana AQ,166,Clarity,FALSE,Non-reference / air sensor,FALSE,5.11135,-1.24768,4,Clarity Sensor,1,15461152,https://explore.openaq.org/locations/6242086,Africa,Ghana,GH
6242087,Kumasi Adum,,Africa/Accra,152,GH,Ghana,29415,Ghana AQ,166,Clarity,FALSE,Non-reference / air sensor,FALSE,6.69474,-1.62112,4,Clarity Sensor,1,15461153,https://explore.openaq.org/locations/6242087,Africa,Ghana,GH
6242088,Tamale Central High Street,,Africa/Accra,152,GH,Ghana,29415,Ghana AQ,166,Clarity,FALSE,Non-reference / air sensor,FALSE,9.40345,-0.84119,4,Clarity Sensor,1,15461151,https://explore.openaq.org/locations/6242088,Africa,Ghana,GH
6297279,Lartebiokorshie Cluster of Schools,,Africa/Accra,152,GH,Ghana,21332,Breathe Accra,166,Clarity,FALSE,Non-reference / air sensor,FALSE,5.55418,-0.23912,4,Clarity Sensor,1,15872035,https://explore.openaq.org/locations/6297279,Africa,Ghana,GH
6297280,Dzorwulu Fidelity Bank ,,Africa/Accra,152,GH,Ghana,21332,Breathe Accra,166,Clarity,FALSE,Non-reference / air sensor,FALSE,5.61045,-0.20476,4,Clarity Sensor,1,15872036,https://explore.openaq.org/locations/6297280,Africa,Ghana,GH
6297281,Mataheko PIWC,,Africa/Accra,152,GH,Ghana,21332,Breathe Accra,166,Clarity,FALSE,Non-reference / air sensor,FALSE,5.57248,-0.25041,4,Clarity Sensor,1,15872033,https://explore.openaq.org/locations/6297281,Africa,Ghana,GH
6297282,Okponglo Junction,,Africa/Accra,152,GH,Ghana,21332,Breathe Accra,166,Clarity,FALSE,Non-reference / air sensor,FALSE,5.64055,-0.17837,4,Clarity Sensor,1,15872034,https://explore.openaq.org/locations/6297282,Africa,Ghana,GH
6301615,"Tipper Junction Road, Oyarifa",,Africa/Accra,152,GH,Ghana,21332,Breathe Accra,166,Clarity,FALSE,Non-reference / air sensor,FALSE,5.74927,-0.17099,4,Clarity Sensor,1,15905125,https://explore.openaq.org/locations/6301615,Africa,Ghana,GH
6301616,"FOTS International School, Amrahia",,Africa/Accra,152,GH,Ghana,21332,Breathe Accra,166,Clarity,FALSE,Non-reference / air sensor,FALSE,5.77016,-0.13301,4,Clarity Sensor,1,15905128,https://explore.openaq.org/locations/6301616,Africa,Ghana,GH
6301617,Spintex Road (China Marble Town),,Africa/Accra,152,GH,Ghana,9,Clarity,166,Clarity,FALSE,Non-reference / air sensor,FALSE,5.64031,-0.12164,4,Clarity Sensor,1,15905130,https://explore.openaq.org/locations/6301617,Africa,Ghana,GH
6301618,"Aviation Road, Adenta",,Africa/Accra,152,GH,Ghana,21332,Breathe Accra,166,Clarity,FALSE,Non-reference / air sensor,FALSE,5.68842,-0.14808,4,Clarity Sensor,1,15905127,https://explore.openaq.org/locations/6301618,Africa,Ghana,GH
6301619,"Jungle Avenue, A & C Mall",,Africa/Accra,152,GH,Ghana,21332,Breathe Accra,166,Clarity,FALSE,Non-reference / air sensor,FALSE,5.64213,-0.15173,4,Clarity Sensor,1,15905124,https://explore.openaq.org/locations/6301619,Africa,Ghana,GH
6301620,Adenta Commandos Last Stop,,Africa/Accra,152,GH,Ghana,21332,Breathe Accra,166,Clarity,FALSE,Non-reference / air sensor,FALSE,5.73265,-0.14471,4,Clarity Sensor,1,15905129,https://explore.openaq.org/locations/6301620,Africa,Ghana,GH
6301621,Otinibi Last Stop,,Africa/Accra,152,GH,Ghana,21332,Breathe Accra,166,Clarity,FALSE,Non-reference / air sensor,FALSE,5.7905,-0.14913,4,Clarity Sensor,1,15905126,https://explore.openaq.org/locations/6301621,Africa,Ghana,GH
6301622,Pantang Hospital,,Africa/Accra,152,GH,Ghana,21332,Breathe Accra,166,Clarity,FALSE,Non-reference / air sensor,FALSE,5.71444,-0.18743,4,Clarity Sensor,1,15905131,https://explore.openaq.org/locations/6301622,Africa,Ghana,GH
6302787,Darkuman Christian Complex School,,Africa/Accra,152,GH,Ghana,21332,Breathe Accra,166,Clarity,FALSE,Non-reference / air sensor,FALSE,5.59022,-0.25668,4,Clarity Sensor,1,15913720,https://explore.openaq.org/locations/6302787,Africa,Ghana,GH
6302788,Dansoman Keep Fit Area,,Africa/Accra,152,GH,Ghana,21332,Breathe Accra,166,Clarity,FALSE,Non-reference / air sensor,FALSE,5.5565,-0.27591,4,Clarity Sensor,1,15913719,https://explore.openaq.org/locations/6302788,Africa,Ghana,GH
6302789,Dansoman Market,,Africa/Accra,152,GH,Ghana,21332,Breathe Accra,166,Clarity,FALSE,Non-reference / air sensor,FALSE,5.54243,-0.26477,4,Clarity Sensor,1,15913721,https://explore.openaq.org/locations/6302789,Africa,Ghana,GH
6302790,"Dr. Busia Street, Sakaman",,Africa/Accra,152,GH,Ghana,21332,Breathe Accra,166,Clarity,FALSE,Non-reference / air sensor,FALSE,5.57394,-0.26578,4,Clarity Sensor,1,15913722,https://explore.openaq.org/locations/6302790,Africa,Ghana,GH
6302944,Abeka Total Filling Station,,Africa/Accra,152,GH,Ghana,21332,Breathe Accra,166,Clarity,FALSE,Non-reference / air sensor,FALSE,5.59794,-0.23359,4,Clarity Sensor,1,15914832,https://explore.openaq.org/locations/6302944,Africa,Ghana,GH
6302945,Achimota New Station,,Africa/Accra,152,GH,Ghana,21332,Breathe Accra,166,Clarity,FALSE,Non-reference / air sensor,FALSE,5.62081,-0.22561,4,Clarity Sensor,1,15914830,https://explore.openaq.org/locations/6302945,Africa,Ghana,GH
6302946,Kotobabi Lorry Station,,Africa/Accra,152,GH,Ghana,21332,Breathe Accra,166,Clarity,FALSE,Non-reference / air sensor,FALSE,5.59593,-0.20919,4,Clarity Sensor,1,15914831,https://explore.openaq.org/locations/6302946,Africa,Ghana,GH
6302989,Tesano Police Station,,Africa/Accra,152,GH,Ghana,21332,Breathe Accra,166,Clarity,FALSE,Non-reference / air sensor,FALSE,5.60523,-0.22563,4,Clarity Sensor,1,15915116,https://explore.openaq.org/locations/6302989,Africa,Ghana,GH
6302990,"Dome Road, Christian Village",,Africa/Accra,152,GH,Ghana,21332,Breathe Accra,166,Clarity,FALSE,Non-reference / air sensor,FALSE,5.63676,-0.21662,4,Clarity Sensor,1,15915117,https://explore.openaq.org/locations/6302990,Africa,Ghana,GH
6303239,Alajo Market,,Africa/Accra,152,GH,Ghana,21332,Breathe Accra,166,Clarity,FALSE,Non-reference / air sensor,FALSE,5.59122,-0.21689,4,Clarity Sensor,1,15916831,https://explore.openaq.org/locations/6303239,Africa,Ghana,GH
6309346,Mallam Market,,Africa/Accra,152,GH,Ghana,21332,Breathe Accra,166,Clarity,FALSE,Non-reference / air sensor,FALSE,5.57345,-0.27891,4,Clarity Sensor,1,15963363,https://explore.openaq.org/locations/6309346,Africa,Ghana,GH
6309347,Mallam Atta Market ,,Africa/Accra,152,GH,Ghana,21332,Breathe Accra,166,Clarity,FALSE,Non-reference / air sensor,FALSE,5.57956,-0.20733,4,Clarity Sensor,1,15963359,https://explore.openaq.org/locations/6309347,Africa,Ghana,GH
6309348,New Town College,,Africa/Accra,152,GH,Ghana,21332,Breathe Accra,166,Clarity,FALSE,Non-reference / air sensor,FALSE,5.58319,-0.2083,4,Clarity Sensor,1,15963360,https://explore.openaq.org/locations/6309348,Africa,Ghana,GH
6309349,Flagstaff House Basic School,,Africa/Accra,152,GH,Ghana,21332,Breathe Accra,166,Clarity,FALSE,Non-reference / air sensor,FALSE,5.58262,-0.18587,4,Clarity Sensor,1,15963361,https://explore.openaq.org/locations/6309349,Africa,Ghana,GH
6309350,Mamobi General Hospital,,Africa/Accra,152,GH,Ghana,21332,Breathe Accra,166,Clarity,FALSE,Non-reference / air sensor,FALSE,5.59187,-0.19959,4,Clarity Sensor,1,15963357,https://explore.openaq.org/locations/6309350,Africa,Ghana,GH
6309351,"Paloma Hotel, Ring Road Central",,Africa/Accra,152,GH,Ghana,9,Clarity,166,Clarity,FALSE,Non-reference / air sensor,FALSE,5.57272,-0.20362,4,Clarity Sensor,1,15963362,https://explore.openaq.org/locations/6309351,Africa,Ghana,GH
6309352,Kawukudi Community Youth Center,,Africa/Accra,152,GH,Ghana,21332,Breathe Accra,166,Clarity,FALSE,Non-reference / air sensor,FALSE,5.59304,-0.1862,4,Clarity Sensor,1,15963358,https://explore.openaq.org/locations/6309352,Africa,Ghana,GH
6311173,"La Palm Royal Beach Hotel, Labadi",,Africa/Accra,152,GH,Ghana,21332,Breathe Accra,166,Clarity,FALSE,Non-reference / air sensor,FALSE,5.56331,-0.14292,4,Clarity Sensor,1,15977313,https://explore.openaq.org/locations/6311173,Africa,Ghana,GH
6311211,"Krispat Hearing Center, Pig Farm",,Africa/Accra,152,GH,Ghana,21332,Breathe Accra,166,Clarity,FALSE,Non-reference / air sensor,FALSE,5.59983,-0.19711,4,Clarity Sensor,1,15977584,https://explore.openaq.org/locations/6311211,Africa,Ghana,GH
6311212,"Burma Hills, Tse Addo",,Africa/Accra,152,GH,Ghana,21332,Breathe Accra,166,Clarity,FALSE,Non-reference / air sensor,FALSE,5.60653,-0.13944,4,Clarity Sensor,1,15977583,https://explore.openaq.org/locations/6311212,Africa,Ghana,GH
6313991,Black Star Square,,Africa/Accra,152,GH,Ghana,21332,Breathe Accra,166,Clarity,FALSE,Non-reference / air sensor,FALSE,5.54955,-0.19032,4,Clarity Sensor,1,15998897,https://explore.openaq.org/locations/6313991,Africa,Ghana,GH
6313992,Ridge Hospital,,Africa/Accra,152,GH,Ghana,21332,Breathe Accra,166,Clarity,FALSE,Non-reference / air sensor,FALSE,5.56217,-0.19886,4,Clarity Sensor,1,15998898,https://explore.openaq.org/locations/6313992,Africa,Ghana,GH
6313993,"+233, North Ridge",,Africa/Accra,152,GH,Ghana,21332,Breathe Accra,166,Clarity,FALSE,Non-reference / air sensor,FALSE,5.57375,-0.19544,4,Clarity Sensor,1,15998899,https://explore.openaq.org/locations/6313993,Africa,Ghana,GH
6322654,Asylum Down,,Africa/Accra,152,GH,Ghana,21332,Breathe Accra,166,Clarity,FALSE,Non-reference / air sensor,FALSE,5.56618,-0.2057,4,Clarity Sensor,1,16062454,https://explore.openaq.org/locations/6322654,Africa,Ghana,GH
6322655,Cantonments,,Africa/Accra,152,GH,Ghana,21332,Breathe Accra,166,Clarity,FALSE,Non-reference / air sensor,FALSE,5.58186,-0.16675,4,Clarity Sensor,1,16062453,https://explore.openaq.org/locations/6322655,Africa,Ghana,GH
6322656,"TED Academy, Banana Inn",,Africa/Accra,152,GH,Ghana,21332,Breathe Accra,166,Clarity,FALSE,Non-reference / air sensor,FALSE,5.54201,-0.25384,4,Clarity Sensor,1,16062452,https://explore.openaq.org/locations/6322656,Africa,Ghana,GH
6341624,Accra New Town ,,Africa/Accra,152,GH,Ghana,9,Clarity,166,Clarity,FALSE,Non-reference / air sensor,FALSE,5.58782,-0.20746,4,Clarity Sensor,1,16204170,https://explore.openaq.org/locations/6341624,Africa,Ghana,GH
6406583,Mpoase Latter Day Saints Church,,Africa/Accra,152,GH,Ghana,9,Clarity,166,Clarity,FALSE,Non-reference / air sensor,FALSE,5.52641,-0.27068,4,Clarity Sensor,1,16644413,https://explore.openaq.org/locations/6406583,Africa,Ghana,GH
6097000,"College of Science and Technology, Phuentsholing Bhutan",,Asia/Thimphu,33,BT,Bhutan,12,AirGradient,66,AirGradient,FALSE,Non-reference / air sensor,FALSE,26.8503685033704,89.394539564916,7,Unknown AirGradient Sensor,1,14388702,https://explore.openaq.org/locations/6097000,Asia,Bhutan,BT
6097001,"College of Science and Technology,Phuentsholing",,Asia/Thimphu,33,BT,Bhutan,27952,Bharat,66,AirGradient,FALSE,Non-reference / air sensor,FALSE,26.849486,89.392986,7,Unknown AirGradient Sensor,1,14388707,https://explore.openaq.org/locations/6097001,Asia,Bhutan,BT
6097002,"College of Science and Technology,Phuentsholing",,Asia/Thimphu,33,BT,Bhutan,27952,Bharat,66,AirGradient,FALSE,Non-reference / air sensor,FALSE,26.849409,89.392845,24,AirGradient Open Air Generation 1 (O-1PST),1,14389239,https://explore.openaq.org/locations/6097002,Asia,Bhutan,BT
6106469,"College of Science and Technology,Phuentsholing Bhutan",,Asia/Thimphu,33,BT,Bhutan,12,AirGradient,66,AirGradient,FALSE,Non-reference / air sensor,FALSE,26.84934,89.392878,7,Unknown AirGradient Sensor,1,14458711,https://explore.openaq.org/locations/6106469,Asia,Bhutan,BT
6106470,"College of Science and Technology,Phuentsholing Bhutan",,Asia/Thimphu,33,BT,Bhutan,27952,Bharat,66,AirGradient,FALSE,Non-reference / air sensor,FALSE,26.84934,89.392878,23,AirGradient Open Air (O-1PST-CE),1,14458716,https://explore.openaq.org/locations/6106470,Asia,Bhutan,BT
6106552,"College of Science and Technology,Phuentsholing",,Asia/Thimphu,33,BT,Bhutan,27952,Bharat,66,AirGradient,FALSE,Non-reference / air sensor,FALSE,26.849398,89.392957,23,AirGradient Open Air (O-1PST-CE),1,14459305,https://explore.openaq.org/locations/6106552,Asia,Bhutan,BT
6106553,"College of Science and Technology,Phuentsholing Bhutan",,Asia/Thimphu,33,BT,Bhutan,27952,Bharat,66,AirGradient,FALSE,Non-reference / air sensor,FALSE,26.849095,89.392754,7,Unknown AirGradient Sensor,1,14459310,https://explore.openaq.org/locations/6106553,Asia,Bhutan,BT
6107833,College of Science and Technology,,Asia/Thimphu,33,BT,Bhutan,27952,Bharat,66,AirGradient,FALSE,Non-reference / air sensor,FALSE,26.849489,89.397056,23,AirGradient Open Air (O-1PST-CE),1,14468898,https://explore.openaq.org/locations/6107833,Asia,Bhutan,BT
6107834,College of Science and Technology,,Asia/Thimphu,33,BT,Bhutan,27952,Bharat,66,AirGradient,FALSE,Non-reference / air sensor,FALSE,26.849348,89.392952,23,AirGradient Open Air (O-1PST-CE),1,14468903,https://explore.openaq.org/locations/6107834,Asia,Bhutan,BT
6107835,College of Science and Technology,,Asia/Thimphu,33,BT,Bhutan,27952,Bharat,66,AirGradient,FALSE,Non-reference / air sensor,FALSE,26.849352,89.39296,23,AirGradient Open Air (O-1PST-CE),1,14468908,https://explore.openaq.org/locations/6107835,Asia,Bhutan,BT
6107836,College of Science and Technology,,Asia/Thimphu,33,BT,Bhutan,27952,Bharat,66,AirGradient,FALSE,Non-reference / air sensor,FALSE,26.849292,89.392925,23,AirGradient Open Air (O-1PST-CE),1,14468913,https://explore.openaq.org/locations/6107836,Asia,Bhutan,BT
6108952,CST,,Asia/Thimphu,33,BT,Bhutan,27952,Bharat,66,AirGradient,FALSE,Non-reference / air sensor,FALSE,26.849373,89.3929,23,AirGradient Open Air (O-1PST-CE),1,14477304,https://explore.openaq.org/locations/6108952,Asia,Bhutan,BT
6108953,CST,,Asia/Thimphu,33,BT,Bhutan,27952,Bharat,66,AirGradient,FALSE,Non-reference / air sensor,FALSE,26.849343,89.392956,23,AirGradient Open Air (O-1PST-CE),1,14477309,https://explore.openaq.org/locations/6108953,Asia,Bhutan,BT
6108954,CST,,Asia/Thimphu,33,BT,Bhutan,27952,Bharat,66,AirGradient,FALSE,Non-reference / air sensor,FALSE,26.84929,89.392897,23,AirGradient Open Air (O-1PST-CE),1,14477314,https://explore.openaq.org/locations/6108954,Asia,Bhutan,BT
6108955,CST,,Asia/Thimphu,33,BT,Bhutan,27952,Bharat,66,AirGradient,FALSE,Non-reference / air sensor,FALSE,26.8493,89.392919,23,AirGradient Open Air (O-1PST-CE),1,14477319,https://explore.openaq.org/locations/6108955,Asia,Bhutan,BT
6165870,Phuentsholing Bhutan,,Asia/Thimphu,33,BT,Bhutan,27952,Bharat,66,AirGradient,FALSE,Non-reference / air sensor,FALSE,26.8491501050441,89.392629956262,24,AirGradient Open Air Generation 1 (O-1PST),1,14898774,https://explore.openaq.org/locations/6165870,Asia,Bhutan,BT
6446947,Haa_Uesu,,Asia/Thimphu,33,BT,Bhutan,11,HabitatMap,200,HabitatMap,FALSE,Non-reference / air sensor,FALSE,27.38055175,89.282871857,5,HabitatMap Sensor,1,16940205,https://explore.openaq.org/locations/6446947,Asia,Bhutan,BT
6446979,Haa_Katsho,,Asia/Thimphu,33,BT,Bhutan,11,HabitatMap,200,HabitatMap,FALSE,Non-reference / air sensor,FALSE,27.386359137,89.27759394,5,HabitatMap Sensor,1,16940420,https://explore.openaq.org/locations/6446979,Asia,Bhutan,BT
6397515,Bonheur-ville,,Africa/Ouagadougou,150,BF,Burkina Faso,1,OpenAQ admin,479,Aurassure,FALSE,Non-reference / air sensor,FALSE,12.303005,-1.562883,1,N/A,1,16577557,https://explore.openaq.org/locations/6397515,Africa,Burkina Faso,BF
6397516,INERA Kamboinsin,,Africa/Ouagadougou,150,BF,Burkina Faso,1,OpenAQ admin,479,Aurassure,FALSE,Non-reference / air sensor,FALSE,12.460542,-1.551195,1,N/A,1,16577562,https://explore.openaq.org/locations/6397516,Africa,Burkina Faso,BF
6397517,University Saint Thomas D Aquin,,Africa/Ouagadougou,150,BF,Burkina Faso,1,OpenAQ admin,479,Aurassure,FALSE,Non-reference / air sensor,FALSE,12.384318,-1.418294,1,N/A,1,16577552,https://explore.openaq.org/locations/6397517,Africa,Burkina Faso,BF
6397518,SONABEL Bassawarga,,Africa/Ouagadougou,150,BF,Burkina Faso,1,OpenAQ admin,479,Aurassure,FALSE,Non-reference / air sensor,FALSE,12.343267,-1.526004,1,N/A,1,16577547,https://explore.openaq.org/locations/6397518,Africa,Burkina Faso,BF
6397519,Institute de Recherche en sciences Appliques et technologies ,,Africa/Ouagadougou,150,BF,Burkina Faso,1,OpenAQ admin,479,Aurassure,FALSE,Non-reference / air sensor,FALSE,12.424945,-1.487094,1,N/A,1,16577542,https://explore.openaq.org/locations/6397519,Africa,Burkina Faso,BF
6397521,LPCE - Laboratoire de Physique et de Chimie de l'Environnement,,Africa/Ouagadougou,150,BF,Burkina Faso,1,OpenAQ admin,479,Aurassure,FALSE,Non-reference / air sensor,FALSE,12.3774619493634,-1.49755490943789,1,N/A,1,16577533,https://explore.openaq.org/locations/6397521,Africa,Burkina Faso,BF
8088,Peshawar,N/A,Asia/Karachi,109,PK,Pakistan,4,Unknown Governmental Organization,119,AirNow,TRUE,Reference monitor,FALSE,34.005852,71.53775,2,Government Monitor,1,23455,https://explore.openaq.org/locations/8088,Asia,Pakistan,PK
8156,Karachi,N/A,Asia/Karachi,109,PK,Pakistan,4,Unknown Governmental Organization,119,AirNow,TRUE,Reference monitor,FALSE,24.8415,67.0091,2,Government Monitor,1,23747,https://explore.openaq.org/locations/8156,Asia,Pakistan,PK
8634,US Diplomatic Post: Islamabad,Islamabad,Asia/Karachi,109,PK,Pakistan,4,Unknown Governmental Organization,255,StateAir Islamabad,TRUE,Reference monitor,FALSE,33.7235,73.11822,2,Government Monitor,1,25066,https://explore.openaq.org/locations/8634,Asia,Pakistan,PK
8664,US Diplomatic Post: Lahore,Lahore,Asia/Karachi,109,PK,Pakistan,4,Unknown Governmental Organization,265,StateAir Lahore,TRUE,Reference monitor,FALSE,31.560078,74.33589,2,Government Monitor,1,25135,https://explore.openaq.org/locations/8664,Asia,Pakistan,PK
233470,Islamabad,N/A,Asia/Karachi,109,PK,Pakistan,4,Unknown Governmental Organization,119,AirNow,TRUE,Reference monitor,FALSE,33.725614,73.11602,2,Government Monitor,1,1343270,https://explore.openaq.org/locations/233470,Asia,Pakistan,PK
1894633,"Karachi, Pakistan",,Asia/Karachi,109,PK,Pakistan,9,Clarity,166,Clarity,FALSE,Non-reference / air sensor,FALSE,24.811053632574,67.0582543426729,4,Clarity Sensor,1,7466370,https://explore.openaq.org/locations/1894633,Asia,Pakistan,PK
1894641,Lahore,,Asia/Karachi,109,PK,Pakistan,9,Clarity,166,Clarity,FALSE,Non-reference / air sensor,FALSE,31.54815,74.34396,4,Clarity Sensor,1,7466365,https://explore.openaq.org/locations/1894641,Asia,Pakistan,PK
3089895,"Soomra Society, Scheme 33, Karachi",,Asia/Karachi,109,PK,Pakistan,11509,Unknown Person,66,AirGradient,FALSE,Non-reference / air sensor,FALSE,24.960929,67.161759,7,Unknown AirGradient Sensor,1,10815113,https://explore.openaq.org/locations/3089895,Asia,Pakistan,PK
3182341,"Soomra Society, Scheme 33, Karachi",,Asia/Karachi,109,PK,Pakistan,11509,Unknown Person,66,AirGradient,FALSE,Non-reference / air sensor,FALSE,24.960929,67.161759,7,Unknown AirGradient Sensor,1,11077530,https://explore.openaq.org/locations/3182341,Asia,Pakistan,PK
3213801,"Soomra Society, Scheme 33, Karachi",,Asia/Karachi,109,PK,Pakistan,11509,Unknown Person,66,AirGradient,FALSE,Non-reference / air sensor,FALSE,24.960929,67.161759,7,Unknown AirGradient Sensor,1,11157382,https://explore.openaq.org/locations/3213801,Asia,Pakistan,PK
3292849,Farhan Shah Labs,,Asia/Karachi,109,PK,Pakistan,11247,Farhan Shah Labs,66,AirGradient,FALSE,Non-reference / air sensor,FALSE,32.424312,74.52885,24,AirGradient Open Air Generation 1 (O-1PST),1,11480306,https://explore.openaq.org/locations/3292849,Asia,Pakistan,PK
4296966,Buraq integrated solutions,,Asia/Karachi,109,PK,Pakistan,12,AirGradient,66,AirGradient,FALSE,Non-reference / air sensor,FALSE,33.643208,73.068119,7,Unknown AirGradient Sensor,1,12960851,https://explore.openaq.org/locations/4296966,Asia,Pakistan,PK
4515157,"Barki, Lahore",,Asia/Karachi,109,PK,Pakistan,12,AirGradient,66,AirGradient,FALSE,Non-reference / air sensor,FALSE,31.4591591,74.5396309,24,AirGradient Open Air Generation 1 (O-1PST),1,13137726,https://explore.openaq.org/locations/4515157,Asia,Pakistan,PK
4515644,"F-7, Islamabad",,Asia/Karachi,109,PK,Pakistan,11225,Homer Simpson,66,AirGradient,FALSE,Non-reference / air sensor,FALSE,33.7213352,73.0560998,24,AirGradient Open Air Generation 1 (O-1PST),1,13137731,https://explore.openaq.org/locations/4515644,Asia,Pakistan,PK
4527035,Civil Secretariat,,Asia/Karachi,109,PK,Pakistan,16818,The Urban Unit,66,AirGradient,FALSE,Non-reference / air sensor,FALSE,31.565942,74.2993626,24,AirGradient Open Air Generation 1 (O-1PST),1,13153587,https://explore.openaq.org/locations/4527035,Asia,Pakistan,PK
4527173,Learning Alliance Intl. DHA,,Asia/Karachi,109,PK,Pakistan,16818,The Urban Unit,66,AirGradient,FALSE,Non-reference / air sensor,FALSE,31.525621,74.436078,24,AirGradient Open Air Generation 1 (O-1PST),1,13154528,https://explore.openaq.org/locations/4527173,Asia,Pakistan,PK
4527306,FOOT & MOUTH DISEASE RESEARCH CENTRE,,Asia/Karachi,109,PK,Pakistan,16818,The Urban Unit,66,AirGradient,FALSE,Non-reference / air sensor,FALSE,31.53574,74.43538,24,AirGradient Open Air Generation 1 (O-1PST),1,13155469,https://explore.openaq.org/locations/4527306,Asia,Pakistan,PK
4527402,"HBFC Society, DHA Phase 5 (Hussainy House)",,Asia/Karachi,109,PK,Pakistan,16818,The Urban Unit,66,AirGradient,FALSE,Non-reference / air sensor,FALSE,31.4571645,74.4106586,24,AirGradient Open Air Generation 1 (O-1PST),1,13156083,https://explore.openaq.org/locations/4527402,Asia,Pakistan,PK
4535267,Gajju Matta (Kahna),,Asia/Karachi,109,PK,Pakistan,16818,The Urban Unit,66,AirGradient,FALSE,Non-reference / air sensor,FALSE,31.377378,74.350574,7,Unknown AirGradient Sensor,1,13163333,https://explore.openaq.org/locations/4535267,Asia,Pakistan,PK
4554236,Rawalpindi Women University,,Asia/Karachi,109,PK,Pakistan,16818,The Urban Unit,66,AirGradient,FALSE,Non-reference / air sensor,FALSE,33.6452478,73.0646181,24,AirGradient Open Air Generation 1 (O-1PST),1,13181992,https://explore.openaq.org/locations/4554236,Asia,Pakistan,PK
4554729,Sandha Road,,Asia/Karachi,109,PK,Pakistan,16818,The Urban Unit,66,AirGradient,FALSE,Non-reference / air sensor,FALSE,31.562302,74.3027031,24,AirGradient Open Air Generation 1 (O-1PST),1,13182280,https://explore.openaq.org/locations/4554729,Asia,Pakistan,PK
4555745,Ravi Road,,Asia/Karachi,109,PK,Pakistan,16818,The Urban Unit,66,AirGradient,FALSE,Non-reference / air sensor,FALSE,31.602875,74.300927,24,AirGradient Open Air Generation 1 (O-1PST),1,13183459,https://explore.openaq.org/locations/4555745,Asia,Pakistan,PK
4556719,"Wasa 3, OHR Office ",,Asia/Karachi,109,PK,Pakistan,16818,The Urban Unit,66,AirGradient,FALSE,Non-reference / air sensor,FALSE,33.650973,73.0788731,24,AirGradient Open Air Generation 1 (O-1PST),1,13183766,https://explore.openaq.org/locations/4556719,Asia,Pakistan,PK
4557686,Shalimar Town,,Asia/Karachi,109,PK,Pakistan,16818,The Urban Unit,66,AirGradient,FALSE,Non-reference / air sensor,FALSE,31.574289,74.447898,24,AirGradient Open Air Generation 1 (O-1PST),1,13184347,https://explore.openaq.org/locations/4557686,Asia,Pakistan,PK
4565419,Social Welfare Department,,Asia/Karachi,109,PK,Pakistan,16818,The Urban Unit,66,AirGradient,FALSE,Non-reference / air sensor,FALSE,33.6278837,73.0924564,24,AirGradient Open Air Generation 1 (O-1PST),1,13190424,https://explore.openaq.org/locations/4565419,Asia,Pakistan,PK
4565932,WASA Head Office 1,,Asia/Karachi,109,PK,Pakistan,16818,The Urban Unit,66,AirGradient,FALSE,Non-reference / air sensor,FALSE,33.6022915,73.0560117,24,AirGradient Open Air Generation 1 (O-1PST),1,13190993,https://explore.openaq.org/locations/4565932,Asia,Pakistan,PK
4565933,"IEEE, Punjab University, LHR",,Asia/Karachi,109,PK,Pakistan,16818,The Urban Unit,66,AirGradient,FALSE,Non-reference / air sensor,FALSE,31.495322,74.295056,24,AirGradient Open Air Generation 1 (O-1PST),1,13190998,https://explore.openaq.org/locations/4565933,Asia,Pakistan,PK
4566426,Punjab Food Authority,,Asia/Karachi,109,PK,Pakistan,16818,The Urban Unit,66,AirGradient,FALSE,Non-reference / air sensor,FALSE,33.6304566,73.0729694,24,AirGradient Open Air Generation 1 (O-1PST),1,13191310,https://explore.openaq.org/locations/4566426,Asia,Pakistan,PK
4566427,Johar Town,,Asia/Karachi,109,PK,Pakistan,16818,The Urban Unit,66,AirGradient,FALSE,Non-reference / air sensor,FALSE,31.460056,74.280672,24,AirGradient Open Air Generation 1 (O-1PST),1,13191315,https://explore.openaq.org/locations/4566427,Asia,Pakistan,PK
4567363,Public Health Engineering,,Asia/Karachi,109,PK,Pakistan,16818,The Urban Unit,66,AirGradient,FALSE,Non-reference / air sensor,FALSE,33.6335684,73.0614477,24,AirGradient Open Air Generation 1 (O-1PST),1,13191604,https://explore.openaq.org/locations/4567363,Asia,Pakistan,PK
4567364,"Conservator of Forest, North zone",,Asia/Karachi,109,PK,Pakistan,16818,The Urban Unit,66,AirGradient,FALSE,Non-reference / air sensor,FALSE,33.540583,73.116917,24,AirGradient Open Air Generation 1 (O-1PST),1,13191609,https://explore.openaq.org/locations/4567364,Asia,Pakistan,PK
4567932,PHA Head Office,,Asia/Karachi,109,PK,Pakistan,16818,The Urban Unit,66,AirGradient,FALSE,Non-reference / air sensor,FALSE,33.6055187,73.0611438,24,AirGradient Open Air Generation 1 (O-1PST),1,13192453,https://explore.openaq.org/locations/4567932,Asia,Pakistan,PK
4568423,Model Town,,Asia/Karachi,109,PK,Pakistan,16818,The Urban Unit,66,AirGradient,FALSE,Non-reference / air sensor,FALSE,31.491676,74.313288,24,AirGradient Open Air Generation 1 (O-1PST),1,13192746,https://explore.openaq.org/locations/4568423,Asia,Pakistan,PK
4568424,E11/4 Sector Islamabad,,Asia/Karachi,109,PK,Pakistan,16818,The Urban Unit,66,AirGradient,FALSE,Non-reference / air sensor,FALSE,33.698979,72.981907,24,AirGradient Open Air Generation 1 (O-1PST),1,13192751,https://explore.openaq.org/locations/4568424,Asia,Pakistan,PK
4579733,WASA 2 (Sufaid tanki),,Asia/Karachi,109,PK,Pakistan,16818,The Urban Unit,66,AirGradient,FALSE,Non-reference / air sensor,FALSE,33.6386254,73.069351,7,Unknown AirGradient Sensor,1,13201383,https://explore.openaq.org/locations/4579733,Asia,Pakistan,PK
4600078,Abasyn University,,Asia/Karachi,109,PK,Pakistan,16818,The Urban Unit,66,AirGradient,FALSE,Non-reference / air sensor,FALSE,34.0321798,71.5864122,24,AirGradient Open Air Generation 1 (O-1PST),1,13219419,https://explore.openaq.org/locations/4600078,Asia,Pakistan,PK
4605118,Small industrial development board(SIDB),,Asia/Karachi,109,PK,Pakistan,16818,The Urban Unit,66,AirGradient,FALSE,Non-reference / air sensor,FALSE,33.9817904,71.5567563,24,AirGradient Open Air Generation 1 (O-1PST),1,13223102,https://explore.openaq.org/locations/4605118,Asia,Pakistan,PK
4605119,College Road,,Asia/Karachi,109,PK,Pakistan,16818,The Urban Unit,66,AirGradient,FALSE,Non-reference / air sensor,FALSE,31.421799,74.274837,24,AirGradient Open Air Generation 1 (O-1PST),1,13223107,https://explore.openaq.org/locations/4605119,Asia,Pakistan,PK
4605120,Hayatabad phase 7,,Asia/Karachi,109,PK,Pakistan,16818,The Urban Unit,66,AirGradient,FALSE,Non-reference / air sensor,FALSE,33.9687263,71.4147126,24,AirGradient Open Air Generation 1 (O-1PST),1,13223112,https://explore.openaq.org/locations/4605120,Asia,Pakistan,PK
4607067,Shaheed Benazir Women University,,Asia/Karachi,109,PK,Pakistan,16818,The Urban Unit,66,AirGradient,FALSE,Non-reference / air sensor,FALSE,34.0559766,71.5646276,7,Unknown AirGradient Sensor,1,13225923,https://explore.openaq.org/locations/4607067,Asia,Pakistan,PK
4607068,NIUIP,,Asia/Karachi,109,PK,Pakistan,16818,The Urban Unit,66,AirGradient,FALSE,Non-reference / air sensor,FALSE,33.9935232,71.4440704,24,AirGradient Open Air Generation 1 (O-1PST),1,13225928,https://explore.openaq.org/locations/4607068,Asia,Pakistan,PK
4608419,IMSciences Institute Peshwar,,Asia/Karachi,109,PK,Pakistan,16818,The Urban Unit,66,AirGradient,FALSE,Non-reference / air sensor,FALSE,33.9581864,71.3343512,24,AirGradient Open Air Generation 1 (O-1PST),1,13229187,https://explore.openaq.org/locations/4608419,Asia,Pakistan,PK
4608421,"Assistant Commissioner Office, Allama Iqbal ",,Asia/Karachi,109,PK,Pakistan,12,AirGradient,66,AirGradient,FALSE,Non-reference / air sensor,FALSE,31.47188,74.239512,7,Unknown AirGradient Sensor,1,13229197,https://explore.openaq.org/locations/4608421,Asia,Pakistan,PK
4608422,Park Road F-8/1 Sector Islamabad,,Asia/Karachi,109,PK,Pakistan,16818,The Urban Unit,66,AirGradient,FALSE,Non-reference / air sensor,FALSE,33.7102628,73.0312832,24,AirGradient Open Air Generation 1 (O-1PST),1,13229202,https://explore.openaq.org/locations/4608422,Asia,Pakistan,PK
4608423,WWF Office ,,Asia/Karachi,109,PK,Pakistan,16818,The Urban Unit,66,AirGradient,FALSE,Non-reference / air sensor,FALSE,33.9905988,71.4996196,24,AirGradient Open Air Generation 1 (O-1PST),1,13229207,https://explore.openaq.org/locations/4608423,Asia,Pakistan,PK
4609261,"Pajian, Raiwind",,Asia/Karachi,109,PK,Pakistan,16818,The Urban Unit,66,AirGradient,FALSE,Non-reference / air sensor,FALSE,31.299695,74.22505,24,AirGradient Open Air Generation 1 (O-1PST),1,13230342,https://explore.openaq.org/locations/4609261,Asia,Pakistan,PK
4609262,Directorate General Local Gov ,,Asia/Karachi,109,PK,Pakistan,12,AirGradient,66,AirGradient,FALSE,Non-reference / air sensor,FALSE,33.9916663,71.435054,7,Unknown AirGradient Sensor,1,13230347,https://explore.openaq.org/locations/4609262,Asia,Pakistan,PK
4609307,Khyber Medical University ,,Asia/Karachi,109,PK,Pakistan,12,AirGradient,66,AirGradient,FALSE,Non-reference / air sensor,FALSE,33.989115,71.4359101,7,Unknown AirGradient Sensor,1,13230645,https://explore.openaq.org/locations/4609307,Asia,Pakistan,PK
4609353,Kahna Hospital ,,Asia/Karachi,109,PK,Pakistan,16818,The Urban Unit,66,AirGradient,FALSE,Non-reference / air sensor,FALSE,31.3710235024393,74.3648726812736,24,AirGradient Open Air Generation 1 (O-1PST),1,13230942,https://explore.openaq.org/locations/4609353,Asia,Pakistan,PK
4609354,Ashrafia Colony,,Asia/Karachi,109,PK,Pakistan,12,AirGradient,66,AirGradient,FALSE,Non-reference / air sensor,FALSE,34.0268637,71.5772755,7,Unknown AirGradient Sensor,1,13230947,https://explore.openaq.org/locations/4609354,Asia,Pakistan,PK
4614770,EPA Office,,Asia/Karachi,109,PK,Pakistan,16818,The Urban Unit,66,AirGradient,FALSE,Non-reference / air sensor,FALSE,33.977293,71.5654702,7,Unknown AirGradient Sensor,1,13235488,https://explore.openaq.org/locations/4614770,Asia,Pakistan,PK
4616262,District Health Authority,,Asia/Karachi,109,PK,Pakistan,16818,The Urban Unit,66,AirGradient,FALSE,Non-reference / air sensor,FALSE,33.6333084,73.0488857,24,AirGradient Open Air Generation 1 (O-1PST),1,13236697,https://explore.openaq.org/locations/4616262,Asia,Pakistan,PK
4618315,DC Office Murree,,Asia/Karachi,109,PK,Pakistan,16818,The Urban Unit,66,AirGradient,FALSE,Non-reference / air sensor,FALSE,33.9065558,73.3980069,24,AirGradient Open Air Generation 1 (O-1PST),1,13238491,https://explore.openaq.org/locations/4618315,Asia,Pakistan,PK
4618814,Gulberg III,,Asia/Karachi,109,PK,Pakistan,16818,The Urban Unit,66,AirGradient,FALSE,Non-reference / air sensor,FALSE,31.508051,74.337544,24,AirGradient Open Air Generation 1 (O-1PST),1,13238783,https://explore.openaq.org/locations/4618814,Asia,Pakistan,PK
4629400,"PHA, Sialkot",,Asia/Karachi,109,PK,Pakistan,16818,The Urban Unit,66,AirGradient,FALSE,Non-reference / air sensor,FALSE,32.505567,74.536067,7,Unknown AirGradient Sensor,1,13247149,https://explore.openaq.org/locations/4629400,Asia,Pakistan,PK
4629401,SCCI ,,Asia/Karachi,109,PK,Pakistan,16818,The Urban Unit,66,AirGradient,FALSE,Non-reference / air sensor,FALSE,32.507924,74.537957,24,AirGradient Open Air Generation 1 (O-1PST),1,13247154,https://explore.openaq.org/locations/4629401,Asia,Pakistan,PK
4630451,Dc Office Sialkot,,Asia/Karachi,109,PK,Pakistan,12,AirGradient,66,AirGradient,FALSE,Non-reference / air sensor,FALSE,32.505286,74.532952,7,Unknown AirGradient Sensor,1,13248051,https://explore.openaq.org/locations/4630451,Asia,Pakistan,PK
4645154,Urban Policy Unit,,Asia/Karachi,109,PK,Pakistan,16818,The Urban Unit,66,AirGradient,FALSE,Non-reference / air sensor,FALSE,33.9899378,71.4991258,24,AirGradient Open Air Generation 1 (O-1PST),1,13259695,https://explore.openaq.org/locations/4645154,Asia,Pakistan,PK
4698865,Cantonment,,Asia/Karachi,109,PK,Pakistan,16818,The Urban Unit,66,AirGradient,FALSE,Non-reference / air sensor,FALSE,31.539422,74.413792,24,AirGradient Open Air Generation 1 (O-1PST),1,13300980,https://explore.openaq.org/locations/4698865,Asia,Pakistan,PK
4699919,Pak Arab,,Asia/Karachi,109,PK,Pakistan,16818,The Urban Unit,66,AirGradient,FALSE,Non-reference / air sensor,FALSE,31.418387,74.345283,24,AirGradient Open Air Generation 1 (O-1PST),1,14152835,https://explore.openaq.org/locations/4699919,Asia,Pakistan,PK
4700982,Samanabad,,Asia/Karachi,109,PK,Pakistan,16818,The Urban Unit,66,AirGradient,FALSE,Non-reference / air sensor,FALSE,31.541983,74.298065,24,AirGradient Open Air Generation 1 (O-1PST),1,13302769,https://explore.openaq.org/locations/4700982,Asia,Pakistan,PK
4708999,WWF,,Asia/Karachi,109,PK,Pakistan,16818,The Urban Unit,66,AirGradient,FALSE,Non-reference / air sensor,FALSE,32.4598818,74.5130851,24,AirGradient Open Air Generation 1 (O-1PST),1,13308623,https://explore.openaq.org/locations/4708999,Asia,Pakistan,PK
4710567,Regional Ombudsman Office,,Asia/Karachi,109,PK,Pakistan,16818,The Urban Unit,66,AirGradient,FALSE,Non-reference / air sensor,FALSE,32.48209,74.52664,24,AirGradient Open Air Generation 1 (O-1PST),1,13310091,https://explore.openaq.org/locations/4710567,Asia,Pakistan,PK
4712030,PSGMEA,,Asia/Karachi,109,PK,Pakistan,16818,The Urban Unit,66,AirGradient,FALSE,Non-reference / air sensor,FALSE,32.487371,74.512444,24,AirGradient Open Air Generation 1 (O-1PST),1,13310654,https://explore.openaq.org/locations/4712030,Asia,Pakistan,PK
4712608,"Craftive  Apparels, Defence Road",,Asia/Karachi,109,PK,Pakistan,12,AirGradient,66,AirGradient,FALSE,Non-reference / air sensor,FALSE,32.49447,74.498977,7,Unknown AirGradient Sensor,1,13311519,https://explore.openaq.org/locations/4712608,Asia,Pakistan,PK
4721112,Agriculture  Office Emnabad Road,,Asia/Karachi,109,PK,Pakistan,16818,The Urban Unit,66,AirGradient,FALSE,Non-reference / air sensor,FALSE,32.465555,74.523957,24,AirGradient Open Air Generation 1 (O-1PST),1,13318038,https://explore.openaq.org/locations/4721112,Asia,Pakistan,PK
4721113,SWMC,,Asia/Karachi,109,PK,Pakistan,16818,The Urban Unit,66,AirGradient,FALSE,Non-reference / air sensor,FALSE,32.516512,74.51071,24,AirGradient Open Air Generation 1 (O-1PST),1,13318043,https://explore.openaq.org/locations/4721113,Asia,Pakistan,PK
4722655,Divisional Forest office Kotli Araian,,Asia/Karachi,109,PK,Pakistan,16818,The Urban Unit,66,AirGradient,FALSE,Non-reference / air sensor,FALSE,32.59938,74.479594,24,AirGradient Open Air Generation 1 (O-1PST),1,13319197,https://explore.openaq.org/locations/4722655,Asia,Pakistan,PK
4723667,Cheema Palace,,Asia/Karachi,109,PK,Pakistan,16818,The Urban Unit,66,AirGradient,FALSE,Non-reference / air sensor,FALSE,32.54477,74.569535,7,Unknown AirGradient Sensor,1,13319770,https://explore.openaq.org/locations/4723667,Asia,Pakistan,PK
4725232,AC  Sambrial,,Asia/Karachi,109,PK,Pakistan,16818,The Urban Unit,66,AirGradient,FALSE,Non-reference / air sensor,FALSE,32.477858,74.337355,24,AirGradient Open Air Generation 1 (O-1PST),1,13320880,https://explore.openaq.org/locations/4725232,Asia,Pakistan,PK
4755317,Walled cities Authority office ,,Asia/Karachi,109,PK,Pakistan,12,AirGradient,66,AirGradient,FALSE,Non-reference / air sensor,FALSE,30.19881,71.46818,7,Unknown AirGradient Sensor,1,13339963,https://explore.openaq.org/locations/4755317,Asia,Pakistan,PK
4756280,University of Balochistan,,Asia/Karachi,109,PK,Pakistan,16818,The Urban Unit,66,AirGradient,FALSE,Non-reference / air sensor,FALSE,30.162079,66.989772,24,AirGradient Open Air Generation 1 (O-1PST),1,13340547,https://explore.openaq.org/locations/4756280,Asia,Pakistan,PK
4756281,"WASA office, Chungi #09",,Asia/Karachi,109,PK,Pakistan,12,AirGradient,66,AirGradient,FALSE,Non-reference / air sensor,FALSE,30.20645,71.47604,7,Unknown AirGradient Sensor,1,13340552,https://explore.openaq.org/locations/4756281,Asia,Pakistan,PK
4757303,Industries and Commerce,,Asia/Karachi,109,PK,Pakistan,16818,The Urban Unit,66,AirGradient,FALSE,Non-reference / air sensor,FALSE,30.17716,67.008202,24,AirGradient Open Air Generation 1 (O-1PST),1,13341442,https://explore.openaq.org/locations/4757303,Asia,Pakistan,PK
4757304,Quetta Commissioner Office ,,Asia/Karachi,109,PK,Pakistan,16818,The Urban Unit,66,AirGradient,FALSE,Non-reference / air sensor,FALSE,30.197606,67.0101348,7,Unknown AirGradient Sensor,1,13341447,https://explore.openaq.org/locations/4757304,Asia,Pakistan,PK
4757305,Forman Christian College & Chartered University,,Asia/Karachi,109,PK,Pakistan,16818,The Urban Unit,66,AirGradient,FALSE,Non-reference / air sensor,FALSE,31.521146,74.333954,24,AirGradient Open Air Generation 1 (O-1PST),1,13341452,https://explore.openaq.org/locations/4757305,Asia,Pakistan,PK
4757794,"Multan Industrial EState, Board of Management",,Asia/Karachi,109,PK,Pakistan,12,AirGradient,66,AirGradient,FALSE,Non-reference / air sensor,FALSE,30.12721,71.38191,7,Unknown AirGradient Sensor,1,13341736,https://explore.openaq.org/locations/4757794,Asia,Pakistan,PK
4758328,Multan Industrial Estate,,Asia/Karachi,109,PK,Pakistan,16818,The Urban Unit,66,AirGradient,FALSE,Non-reference / air sensor,FALSE,30.12714,71.38146,24,AirGradient Open Air Generation 1 (O-1PST),1,14182582,https://explore.openaq.org/locations/4758328,Asia,Pakistan,PK
4758816,BUITEMS,,Asia/Karachi,109,PK,Pakistan,16818,The Urban Unit,66,AirGradient,FALSE,Non-reference / air sensor,FALSE,30.2713,66.9379,7,Unknown AirGradient Sensor,1,13342587,https://explore.openaq.org/locations/4758816,Asia,Pakistan,PK
4759316,OSCD,,Asia/Karachi,109,PK,Pakistan,16818,The Urban Unit,66,AirGradient,FALSE,Non-reference / air sensor,FALSE,30.202854,66.993317,24,AirGradient Open Air Generation 1 (O-1PST),1,13342868,https://explore.openaq.org/locations/4759316,Asia,Pakistan,PK
4760841,Metropolitan corporation office ,,Asia/Karachi,109,PK,Pakistan,16818,The Urban Unit,66,AirGradient,FALSE,Non-reference / air sensor,FALSE,30.17631,71.48861,24,AirGradient Open Air Generation 1 (O-1PST),1,13343943,https://explore.openaq.org/locations/4760841,Asia,Pakistan,PK
4767238,Institute of Public Health,,Asia/Karachi,109,PK,Pakistan,16818,The Urban Unit,66,AirGradient,FALSE,Non-reference / air sensor,FALSE,30.193314,66.955154,24,AirGradient Open Air Generation 1 (O-1PST),1,13348851,https://explore.openaq.org/locations/4767238,Asia,Pakistan,PK
4767239,NFC IET Multan,,Asia/Karachi,109,PK,Pakistan,16818,The Urban Unit,66,AirGradient,FALSE,Non-reference / air sensor,FALSE,30.22382,71.53613,24,AirGradient Open Air Generation 1 (O-1PST),1,14152885,https://explore.openaq.org/locations/4767239,Asia,Pakistan,PK
4767718,A1 City Housing ,,Asia/Karachi,109,PK,Pakistan,16818,The Urban Unit,66,AirGradient,FALSE,Non-reference / air sensor,FALSE,30.185308,66.97113,24,AirGradient Open Air Generation 1 (O-1PST),1,13349151,https://explore.openaq.org/locations/4767718,Asia,Pakistan,PK
4769229,women university,,Asia/Karachi,109,PK,Pakistan,16818,The Urban Unit,66,AirGradient,FALSE,Non-reference / air sensor,FALSE,30.2515,71.57288,24,AirGradient Open Air Generation 1 (O-1PST),1,13350036,https://explore.openaq.org/locations/4769229,Asia,Pakistan,PK
4769230,Sheikh Khalifa Bin Zayyad hospital,,Asia/Karachi,109,PK,Pakistan,12,AirGradient,66,AirGradient,FALSE,Non-reference / air sensor,FALSE,30.082855,66.96167,7,Unknown AirGradient Sensor,1,13350041,https://explore.openaq.org/locations/4769230,Asia,Pakistan,PK
4770826,Helping hand Balochestan,,Asia/Karachi,109,PK,Pakistan,16818,The Urban Unit,66,AirGradient,FALSE,Non-reference / air sensor,FALSE,30.240204,67.019051,24,AirGradient Open Air Generation 1 (O-1PST),1,13351512,https://explore.openaq.org/locations/4770826,Asia,Pakistan,PK
4770827,Muhammad Nawaz Sharif University of  Agriculture,,Asia/Karachi,109,PK,Pakistan,16818,The Urban Unit,66,AirGradient,FALSE,Non-reference / air sensor,FALSE,30.1477,71.44326,24,AirGradient Open Air Generation 1 (O-1PST),1,13351517,https://explore.openaq.org/locations/4770827,Asia,Pakistan,PK
4771376,EPA OFFICE,,Asia/Karachi,109,PK,Pakistan,16818,The Urban Unit,66,AirGradient,FALSE,Non-reference / air sensor,FALSE,30.217964,66.977745,24,AirGradient Open Air Generation 1 (O-1PST),1,13352091,https://explore.openaq.org/locations/4771376,Asia,Pakistan,PK
4771378,Cantt Public School & College,,Asia/Karachi,109,PK,Pakistan,16818,The Urban Unit,66,AirGradient,FALSE,Non-reference / air sensor,FALSE,30.1827,71.43621,24,AirGradient Open Air Generation 1 (O-1PST),1,13352101,https://explore.openaq.org/locations/4771378,Asia,Pakistan,PK
4771882,Dearchitecture House no C-36,,Asia/Karachi,109,PK,Pakistan,16818,The Urban Unit,66,AirGradient,FALSE,Non-reference / air sensor,FALSE,30.208897,67.002403,24,AirGradient Open Air Generation 1 (O-1PST),1,13352401,https://explore.openaq.org/locations/4771882,Asia,Pakistan,PK
4779254,District officer Industries / Registrar of Firms,,Asia/Karachi,109,PK,Pakistan,16818,The Urban Unit,66,AirGradient,FALSE,Non-reference / air sensor,FALSE,30.207826,71.439894,24,AirGradient Open Air Generation 1 (O-1PST),1,13358109,https://explore.openaq.org/locations/4779254,Asia,Pakistan,PK
4779736,"WASA office, Chungi #09",,Asia/Karachi,109,PK,Pakistan,16818,The Urban Unit,66,AirGradient,FALSE,Non-reference / air sensor,FALSE,30.20654,71.4762,24,AirGradient Open Air Generation 1 (O-1PST),1,13358409,https://explore.openaq.org/locations/4779736,Asia,Pakistan,PK
4780772,"UC office, khushal colony",,Asia/Karachi,109,PK,Pakistan,16818,The Urban Unit,66,AirGradient,FALSE,Non-reference / air sensor,FALSE,30.20817,71.49625,7,Unknown AirGradient Sensor,1,13359286,https://explore.openaq.org/locations/4780772,Asia,Pakistan,PK
4782810,"House#E/21 B,Khayaban Ali Housing scheme ",,Asia/Karachi,109,PK,Pakistan,16818,The Urban Unit,66,AirGradient,FALSE,Non-reference / air sensor,FALSE,29.35128,71.69255,7,Unknown AirGradient Sensor,1,13360745,https://explore.openaq.org/locations/4782810,Asia,Pakistan,PK
4790880,PHA Bahawalpur,,Asia/Karachi,109,PK,Pakistan,16818,The Urban Unit,66,AirGradient,FALSE,Non-reference / air sensor,FALSE,29.38746,71.70984,24,AirGradient Open Air Generation 1 (O-1PST),1,13367550,https://explore.openaq.org/locations/4790880,Asia,Pakistan,PK
4791416,Allama iqbal hospital,,Asia/Karachi,109,PK,Pakistan,16818,The Urban Unit,66,AirGradient,FALSE,Non-reference / air sensor,FALSE,32.503689,74.547365,24,AirGradient Open Air Generation 1 (O-1PST),1,13368149,https://explore.openaq.org/locations/4791416,Asia,Pakistan,PK
4791923,Commissioner Office,,Asia/Karachi,109,PK,Pakistan,16818,The Urban Unit,66,AirGradient,FALSE,Non-reference / air sensor,FALSE,29.39228,71.69131,24,AirGradient Open Air Generation 1 (O-1PST),1,13368459,https://explore.openaq.org/locations/4791923,Asia,Pakistan,PK
4791924,Urban Resource Center,,Asia/Karachi,109,PK,Pakistan,16818,The Urban Unit,66,AirGradient,FALSE,Non-reference / air sensor,FALSE,24.868,67.081833,24,AirGradient Open Air Generation 1 (O-1PST),1,13368464,https://explore.openaq.org/locations/4791924,Asia,Pakistan,PK
4792427,Grand Asian University,,Asia/Karachi,109,PK,Pakistan,16818,The Urban Unit,66,AirGradient,FALSE,Non-reference / air sensor,FALSE,32.437542,74.577984,24,AirGradient Open Air Generation 1 (O-1PST),1,13368759,https://explore.openaq.org/locations/4792427,Asia,Pakistan,PK
4792428,District council Office,,Asia/Karachi,109,PK,Pakistan,16818,The Urban Unit,66,AirGradient,FALSE,Non-reference / air sensor,FALSE,29.39692,71.66015,7,Unknown AirGradient Sensor,1,13368764,https://explore.openaq.org/locations/4792428,Asia,Pakistan,PK
4792975,Union Council Sohwala,,Asia/Karachi,109,PK,Pakistan,16818,The Urban Unit,66,AirGradient,FALSE,Non-reference / air sensor,FALSE,32.456292,74.407467,24,AirGradient Open Air Generation 1 (O-1PST),1,14152890,https://explore.openaq.org/locations/4792975,Asia,Pakistan,PK
4793473,NED University City Campus,,Asia/Karachi,109,PK,Pakistan,16818,The Urban Unit,66,AirGradient,FALSE,Non-reference / air sensor,FALSE,24.854021216223,67.0148394378619,24,AirGradient Open Air Generation 1 (O-1PST),1,13369654,https://explore.openaq.org/locations/4793473,Asia,Pakistan,PK
4793474,Wheat Section RARI office,,Asia/Karachi,109,PK,Pakistan,16818,The Urban Unit,66,AirGradient,FALSE,Non-reference / air sensor,FALSE,29.38647,71.6535,24,AirGradient Open Air Generation 1 (O-1PST),1,13369659,https://explore.openaq.org/locations/4793474,Asia,Pakistan,PK
4793983,Agha Khan University IED,,Asia/Karachi,109,PK,Pakistan,16818,The Urban Unit,66,AirGradient,FALSE,Non-reference / air sensor,FALSE,24.8920539,67.0709382,24,AirGradient Open Air Generation 1 (O-1PST),1,13370571,https://explore.openaq.org/locations/4793983,Asia,Pakistan,PK
4801603,Ac Office Daska,,Asia/Karachi,109,PK,Pakistan,16818,The Urban Unit,66,AirGradient,FALSE,Non-reference / air sensor,FALSE,32.331763,74.350492,24,AirGradient Open Air Generation 1 (O-1PST),1,13375890,https://explore.openaq.org/locations/4801603,Asia,Pakistan,PK
4802178,Forest Office,,Asia/Karachi,109,PK,Pakistan,16818,The Urban Unit,66,AirGradient,FALSE,Non-reference / air sensor,FALSE,29.38456,71.70905,24,AirGradient Open Air Generation 1 (O-1PST),1,13376802,https://explore.openaq.org/locations/4802178,Asia,Pakistan,PK
4802678,DD office of Forest Department,,Asia/Karachi,109,PK,Pakistan,12,AirGradient,66,AirGradient,FALSE,Non-reference / air sensor,FALSE,29.40517,71.67999,7,Unknown AirGradient Sensor,1,13377684,https://explore.openaq.org/locations/4802678,Asia,Pakistan,PK
4803208,University Of Sialkot,,Asia/Karachi,109,PK,Pakistan,16818,The Urban Unit,66,AirGradient,FALSE,Non-reference / air sensor,FALSE,32.46479,74.514128,24,AirGradient Open Air Generation 1 (O-1PST),1,13377689,https://explore.openaq.org/locations/4803208,Asia,Pakistan,PK
4803209,Karachi Metropolitan corporation ,,Asia/Karachi,109,PK,Pakistan,16818,The Urban Unit,66,AirGradient,FALSE,Non-reference / air sensor,FALSE,24.855514,66.9252887,7,Unknown AirGradient Sensor,1,13377694,https://explore.openaq.org/locations/4803209,Asia,Pakistan,PK
4803719,Excise and Taxation Office,,Asia/Karachi,109,PK,Pakistan,16818,The Urban Unit,66,AirGradient,FALSE,Non-reference / air sensor,FALSE,29.3904,71.68645,24,AirGradient Open Air Generation 1 (O-1PST),1,13378011,https://explore.openaq.org/locations/4803719,Asia,Pakistan,PK
4803720,Sialkot Medical College,,Asia/Karachi,109,PK,Pakistan,16818,The Urban Unit,66,AirGradient,FALSE,Non-reference / air sensor,FALSE,32.429665,74.47675,24,AirGradient Open Air Generation 1 (O-1PST),1,13378016,https://explore.openaq.org/locations/4803720,Asia,Pakistan,PK
4804766,Public health engineering department,,Asia/Karachi,109,PK,Pakistan,16818,The Urban Unit,66,AirGradient,FALSE,Non-reference / air sensor,FALSE,29.38715,71.68701,24,AirGradient Open Air Generation 1 (O-1PST),1,13378895,https://explore.openaq.org/locations/4804766,Asia,Pakistan,PK
4804767,Karachi Zoo,,Asia/Karachi,109,PK,Pakistan,16818,The Urban Unit,66,AirGradient,FALSE,Non-reference / air sensor,FALSE,24.8761487,67.0230529,24,AirGradient Open Air Generation 1 (O-1PST),1,13378900,https://explore.openaq.org/locations/4804767,Asia,Pakistan,PK
4804768,Municipal Office,,Asia/Karachi,109,PK,Pakistan,16818,The Urban Unit,66,AirGradient,FALSE,Non-reference / air sensor,FALSE,29.39894,71.68424,24,AirGradient Open Air Generation 1 (O-1PST),1,13378905,https://explore.openaq.org/locations/4804768,Asia,Pakistan,PK
4805270,Punjab Small Industries Corporation,,Asia/Karachi,109,PK,Pakistan,16818,The Urban Unit,66,AirGradient,FALSE,Non-reference / air sensor,FALSE,29.42622,71.66362,24,AirGradient Open Air Generation 1 (O-1PST),1,13379208,https://explore.openaq.org/locations/4805270,Asia,Pakistan,PK
4805271,Bagh Ibn e Qasim,,Asia/Karachi,109,PK,Pakistan,12,AirGradient,66,AirGradient,FALSE,Non-reference / air sensor,FALSE,24.8319874,66.9968234,7,Unknown AirGradient Sensor,1,13379213,https://explore.openaq.org/locations/4805271,Asia,Pakistan,PK
4808325,Aman Khan kaka khail,,Asia/Karachi,109,PK,Pakistan,16818,The Urban Unit,66,AirGradient,FALSE,Non-reference / air sensor,FALSE,24.95317,67.063716,24,AirGradient Open Air Generation 1 (O-1PST),1,13381251,https://explore.openaq.org/locations/4808325,Asia,Pakistan,PK
4808369,Gulistan-e-Johar,,Asia/Karachi,109,PK,Pakistan,12,AirGradient,66,AirGradient,FALSE,Non-reference / air sensor,FALSE,24.9199655,67.1366526,7,Unknown AirGradient Sensor,1,13381836,https://explore.openaq.org/locations/4808369,Asia,Pakistan,PK
4814172,"Naqash febrics, Melaad Chock",,Asia/Karachi,109,PK,Pakistan,16818,The Urban Unit,66,AirGradient,FALSE,Non-reference / air sensor,FALSE,29.39316,71.66888,24,AirGradient Open Air Generation 1 (O-1PST),1,13386308,https://explore.openaq.org/locations/4814172,Asia,Pakistan,PK
4814248,Yousaf Garden near Qatalmara Road,,Asia/Karachi,109,PK,Pakistan,16818,The Urban Unit,66,AirGradient,FALSE,Non-reference / air sensor,FALSE,29.36232,71.64155,24,AirGradient Open Air Generation 1 (O-1PST),1,13386855,https://explore.openaq.org/locations/4814248,Asia,Pakistan,PK
4814287,G3 Engineering Consultants,,Asia/Karachi,109,PK,Pakistan,12,AirGradient,66,AirGradient,FALSE,Non-reference / air sensor,FALSE,24.806776,67.0332484,7,Unknown AirGradient Sensor,1,13387131,https://explore.openaq.org/locations/4814287,Asia,Pakistan,PK
4814288,"3 Marla, Islamia colony",,Asia/Karachi,109,PK,Pakistan,12,AirGradient,66,AirGradient,FALSE,Non-reference / air sensor,FALSE,29.36557,71.69507,7,Unknown AirGradient Sensor,1,13387391,https://explore.openaq.org/locations/4814288,Asia,Pakistan,PK
4814327,Zafar Memon DHA,,Asia/Karachi,109,PK,Pakistan,16818,The Urban Unit,66,AirGradient,FALSE,Non-reference / air sensor,FALSE,24.814741,67.067062,24,AirGradient Open Air Generation 1 (O-1PST),1,13387396,https://explore.openaq.org/locations/4814327,Asia,Pakistan,PK
4815820,DG House DHA 5,,Asia/Karachi,109,PK,Pakistan,16818,The Urban Unit,66,AirGradient,FALSE,Non-reference / air sensor,FALSE,24.795611,67.04812,24,AirGradient Open Air Generation 1 (O-1PST),1,13388480,https://explore.openaq.org/locations/4815820,Asia,Pakistan,PK
4816826,Khakwani colony near Darbar Mahel,,Asia/Karachi,109,PK,Pakistan,16818,The Urban Unit,66,AirGradient,FALSE,Non-reference / air sensor,FALSE,29.3989,71.69837,24,AirGradient Open Air Generation 1 (O-1PST),1,13389326,https://explore.openaq.org/locations/4816826,Asia,Pakistan,PK
4834565,Naimat colony,,Asia/Karachi,109,PK,Pakistan,16818,The Urban Unit,66,AirGradient,FALSE,Non-reference / air sensor,FALSE,31.41069,73.12276,24,AirGradient Open Air Generation 1 (O-1PST),1,13404306,https://explore.openaq.org/locations/4834565,Asia,Pakistan,PK
4834608,GC Women University ,,Asia/Karachi,109,PK,Pakistan,12,AirGradient,66,AirGradient,FALSE,Non-reference / air sensor,FALSE,31.41805,73.1205,7,Unknown AirGradient Sensor,1,13404616,https://explore.openaq.org/locations/4834608,Asia,Pakistan,PK
4837112,Elite college management science satellite town,,Asia/Karachi,109,PK,Pakistan,12,AirGradient,66,AirGradient,FALSE,Non-reference / air sensor,FALSE,32.16696,74.2021,7,Unknown AirGradient Sensor,1,13406414,https://explore.openaq.org/locations/4837112,Asia,Pakistan,PK
4837113,Aga khan University Main Campus,,Asia/Karachi,109,PK,Pakistan,16818,The Urban Unit,66,AirGradient,FALSE,Non-reference / air sensor,FALSE,24.892402,67.074663,7,Unknown AirGradient Sensor,1,13406419,https://explore.openaq.org/locations/4837113,Asia,Pakistan,PK
4837114,FDA-01,,Asia/Karachi,109,PK,Pakistan,16818,The Urban Unit,66,AirGradient,FALSE,Non-reference / air sensor,FALSE,31.41949,73.09359,24,AirGradient Open Air Generation 1 (O-1PST),1,13406424,https://explore.openaq.org/locations/4837114,Asia,Pakistan,PK
4837115,Gift University,,Asia/Karachi,109,PK,Pakistan,16818,The Urban Unit,66,AirGradient,FALSE,Non-reference / air sensor,FALSE,32.205813,74.192655,24,AirGradient Open Air Generation 1 (O-1PST),1,13406429,https://explore.openaq.org/locations/4837115,Asia,Pakistan,PK
4837116,PHA Office,,Asia/Karachi,109,PK,Pakistan,16818,The Urban Unit,66,AirGradient,FALSE,Non-reference / air sensor,FALSE,31.42893,73.08995,24,AirGradient Open Air Generation 1 (O-1PST),1,14152945,https://explore.openaq.org/locations/4837116,Asia,Pakistan,PK
4837117,NED Main Campus,,Asia/Karachi,109,PK,Pakistan,16818,The Urban Unit,66,AirGradient,FALSE,Non-reference / air sensor,FALSE,24.9337634173323,67.11354155159,24,AirGradient Open Air Generation 1 (O-1PST),1,13406434,https://explore.openaq.org/locations/4837117,Asia,Pakistan,PK
4837165,"PHA , Gulshan Iqbal Park",,Asia/Karachi,109,PK,Pakistan,16818,The Urban Unit,66,AirGradient,FALSE,Non-reference / air sensor,FALSE,32.188717,74.180032,24,AirGradient Open Air Generation 1 (O-1PST),1,13406744,https://explore.openaq.org/locations/4837165,Asia,Pakistan,PK
4837166,Amin town,,Asia/Karachi,109,PK,Pakistan,16818,The Urban Unit,66,AirGradient,FALSE,Non-reference / air sensor,FALSE,31.44492,73.12673,24,AirGradient Open Air Generation 1 (O-1PST),1,13406749,https://explore.openaq.org/locations/4837166,Asia,Pakistan,PK
4838122,Urban Unit Karachi,,Asia/Karachi,109,PK,Pakistan,16818,The Urban Unit,66,AirGradient,FALSE,Non-reference / air sensor,FALSE,24.86414,67.07087,24,AirGradient Open Air Generation 1 (O-1PST),1,13407059,https://explore.openaq.org/locations/4838122,Asia,Pakistan,PK
4838124,Faisalabad Chamber of commerce,,Asia/Karachi,109,PK,Pakistan,12,AirGradient,66,AirGradient,FALSE,Non-reference / air sensor,FALSE,31.44577,73.14266,7,Unknown AirGradient Sensor,1,13407064,https://explore.openaq.org/locations/4838124,Asia,Pakistan,PK
4838712,Asif Gulistan-e-Johar,,Asia/Karachi,109,PK,Pakistan,16818,The Urban Unit,66,AirGradient,FALSE,Non-reference / air sensor,FALSE,24.916229,67.131546,24,AirGradient Open Air Generation 1 (O-1PST),1,13408226,https://explore.openaq.org/locations/4838712,Asia,Pakistan,PK
4840233,"Engr Muzaffar Malir Cantonment, Askari 5",,Asia/Karachi,109,PK,Pakistan,16818,The Urban Unit,66,AirGradient,FALSE,Non-reference / air sensor,FALSE,24.939636,67.180983,24,AirGradient Open Air Generation 1 (O-1PST),1,13409122,https://explore.openaq.org/locations/4840233,Asia,Pakistan,PK
4845646,Wasa office Model Town,,Asia/Karachi,109,PK,Pakistan,16818,The Urban Unit,66,AirGradient,FALSE,Non-reference / air sensor,FALSE,32.170496,74.177999,24,AirGradient Open Air Generation 1 (O-1PST),1,13413535,https://explore.openaq.org/locations/4845646,Asia,Pakistan,PK
4845647,K-Block Gulistan colony,,Asia/Karachi,109,PK,Pakistan,16818,The Urban Unit,66,AirGradient,FALSE,Non-reference / air sensor,FALSE,31.43736,73.10685,24,AirGradient Open Air Generation 1 (O-1PST),1,13413540,https://explore.openaq.org/locations/4845647,Asia,Pakistan,PK
4846142,"Bureau Of Statistics, Punjab",,Asia/Karachi,109,PK,Pakistan,16818,The Urban Unit,66,AirGradient,FALSE,Non-reference / air sensor,FALSE,32.172947,74.188152,24,AirGradient Open Air Generation 1 (O-1PST),1,13414771,https://explore.openaq.org/locations/4846142,Asia,Pakistan,PK
4846143,WASA OFFICE ,,Asia/Karachi,109,PK,Pakistan,16818,The Urban Unit,66,AirGradient,FALSE,Non-reference / air sensor,FALSE,31.44949,73.08397,7,Unknown AirGradient Sensor,1,13414776,https://explore.openaq.org/locations/4846143,Asia,Pakistan,PK
4847173,Orangi Pilot Project,,Asia/Karachi,109,PK,Pakistan,16818,The Urban Unit,66,AirGradient,FALSE,Non-reference / air sensor,FALSE,24.9373111,67.0189743,24,AirGradient Open Air Generation 1 (O-1PST),1,13414781,https://explore.openaq.org/locations/4847173,Asia,Pakistan,PK
4847174,University Town,,Asia/Karachi,109,PK,Pakistan,16818,The Urban Unit,66,AirGradient,FALSE,Non-reference / air sensor,FALSE,31.49787,73.08318,24,AirGradient Open Air Generation 1 (O-1PST),1,13414786,https://explore.openaq.org/locations/4847174,Asia,Pakistan,PK
4847175,FDA-02,,Asia/Karachi,109,PK,Pakistan,16818,The Urban Unit,66,AirGradient,FALSE,Non-reference / air sensor,FALSE,31.50891,73.07458,24,AirGradient Open Air Generation 1 (O-1PST),1,13414791,https://explore.openaq.org/locations/4847175,Asia,Pakistan,PK
4847176,GDA OFFICE,,Asia/Karachi,109,PK,Pakistan,16818,The Urban Unit,66,AirGradient,FALSE,Non-reference / air sensor,FALSE,32.17382,74.182437,24,AirGradient Open Air Generation 1 (O-1PST),1,13414796,https://explore.openaq.org/locations/4847176,Asia,Pakistan,PK
4847674,WASA Head Office Grw,,Asia/Karachi,109,PK,Pakistan,12,AirGradient,66,AirGradient,FALSE,Non-reference / air sensor,FALSE,32.135261,74.207381,7,Unknown AirGradient Sensor,1,13415096,https://explore.openaq.org/locations/4847674,Asia,Pakistan,PK
4848174,GC university,,Asia/Karachi,109,PK,Pakistan,16818,The Urban Unit,66,AirGradient,FALSE,Non-reference / air sensor,FALSE,31.41622,73.06798,24,AirGradient Open Air Generation 1 (O-1PST),1,13415384,https://explore.openaq.org/locations/4848174,Asia,Pakistan,PK
4848175,Commisioner Office,,Asia/Karachi,109,PK,Pakistan,16818,The Urban Unit,66,AirGradient,FALSE,Non-reference / air sensor,FALSE,32.174632,74.195061,24,AirGradient Open Air Generation 1 (O-1PST),1,13415389,https://explore.openaq.org/locations/4848175,Asia,Pakistan,PK
4849914,Dc Office ,,Asia/Karachi,109,PK,Pakistan,16818,The Urban Unit,66,AirGradient,FALSE,Non-reference / air sensor,FALSE,32.166635,74.194615,24,AirGradient Open Air Generation 1 (O-1PST),1,13418005,https://explore.openaq.org/locations/4849914,Asia,Pakistan,PK
4852891,University of Education ,,Asia/Karachi,109,PK,Pakistan,16818,The Urban Unit,66,AirGradient,FALSE,Non-reference / air sensor,FALSE,31.39636,73.06871,7,Unknown AirGradient Sensor,1,13423775,https://explore.openaq.org/locations/4852891,Asia,Pakistan,PK
4854007,Ayub Agriculture Research Institute,,Asia/Karachi,109,PK,Pakistan,16818,The Urban Unit,66,AirGradient,FALSE,Non-reference / air sensor,FALSE,31.40698,73.05388,24,AirGradient Open Air Generation 1 (O-1PST),1,13425262,https://explore.openaq.org/locations/4854007,Asia,Pakistan,PK
4854008,Punjab Food Authority,,Asia/Karachi,109,PK,Pakistan,16818,The Urban Unit,66,AirGradient,FALSE,Non-reference / air sensor,FALSE,31.4367245,73.0355178,24,AirGradient Open Air Generation 1 (O-1PST),1,13425267,https://explore.openaq.org/locations/4854008,Asia,Pakistan,PK
4854009,Allama Iqbal Open University Grw,,Asia/Karachi,109,PK,Pakistan,16818,The Urban Unit,66,AirGradient,FALSE,Non-reference / air sensor,FALSE,32.135302,74.206118,24,AirGradient Open Air Generation 1 (O-1PST),1,13425272,https://explore.openaq.org/locations/4854009,Asia,Pakistan,PK
4854513,IAS Grw,,Asia/Karachi,109,PK,Pakistan,16818,The Urban Unit,66,AirGradient,FALSE,Non-reference / air sensor,FALSE,32.101596,74.202594,24,AirGradient Open Air Generation 1 (O-1PST),1,13425575,https://explore.openaq.org/locations/4854513,Asia,Pakistan,PK
4854514,Riphah International University,,Asia/Karachi,109,PK,Pakistan,16818,The Urban Unit,66,AirGradient,FALSE,Non-reference / air sensor,FALSE,31.38127,73.12783,24,AirGradient Open Air Generation 1 (O-1PST),1,13426457,https://explore.openaq.org/locations/4854514,Asia,Pakistan,PK
4855550,university of punjab grw,,Asia/Karachi,109,PK,Pakistan,16818,The Urban Unit,66,AirGradient,FALSE,Non-reference / air sensor,FALSE,32.190967,74.152653,24,AirGradient Open Air Generation 1 (O-1PST),1,13426452,https://explore.openaq.org/locations/4855550,Asia,Pakistan,PK
4855551,MC Office Grw,,Asia/Karachi,109,PK,Pakistan,16818,The Urban Unit,66,AirGradient,FALSE,Non-reference / air sensor,FALSE,32.147367,74.192512,24,AirGradient Open Air Generation 1 (O-1PST),1,13426462,https://explore.openaq.org/locations/4855551,Asia,Pakistan,PK
4865063,University of Agriculture ,,Asia/Karachi,109,PK,Pakistan,16818,The Urban Unit,66,AirGradient,FALSE,Non-reference / air sensor,FALSE,31.43452,73.07072,24,AirGradient Open Air Generation 1 (O-1PST),1,13434404,https://explore.openaq.org/locations/4865063,Asia,Pakistan,PK
4866055,Faisalabad Chamber of Commerce ,,Asia/Karachi,109,PK,Pakistan,16818,The Urban Unit,66,AirGradient,FALSE,Non-reference / air sensor,FALSE,31.44599,73.14291,24,AirGradient Open Air Generation 1 (O-1PST),1,13435006,https://explore.openaq.org/locations/4866055,Asia,Pakistan,PK
4867094,NFC Institute of Engineering ,,Asia/Karachi,109,PK,Pakistan,16818,The Urban Unit,66,AirGradient,FALSE,Non-reference / air sensor,FALSE,31.40823,73.1205,24,AirGradient Open Air Generation 1 (O-1PST),1,13435868,https://explore.openaq.org/locations/4867094,Asia,Pakistan,PK
4875553,"Imdad Town, Manawala",,Asia/Karachi,109,PK,Pakistan,16818,The Urban Unit,66,AirGradient,FALSE,Non-reference / air sensor,FALSE,31.46174,73.1286,24,AirGradient Open Air Generation 1 (O-1PST),1,14153010,https://explore.openaq.org/locations/4875553,Asia,Pakistan,PK
4876581,GC Women University ,,Asia/Karachi,109,PK,Pakistan,16818,The Urban Unit,66,AirGradient,FALSE,Non-reference / air sensor,FALSE,31.41808,73.12049,24,AirGradient Open Air Generation 1 (O-1PST),1,13443447,https://explore.openaq.org/locations/4876581,Asia,Pakistan,PK
4877120,"people Colony, Small d Ground",,Asia/Karachi,109,PK,Pakistan,16818,The Urban Unit,66,AirGradient,FALSE,Non-reference / air sensor,FALSE,31.41484,73.10411,24,AirGradient Open Air Generation 1 (O-1PST),1,13444328,https://explore.openaq.org/locations/4877120,Asia,Pakistan,PK
4884063,"Govt. Graduate College, Asghar Mall,",,Asia/Karachi,109,PK,Pakistan,16818,The Urban Unit,66,AirGradient,FALSE,Non-reference / air sensor,FALSE,33.6291031,73.0559127,24,AirGradient Open Air Generation 1 (O-1PST),1,13451278,https://explore.openaq.org/locations/4884063,Asia,Pakistan,PK
4889110,"G3 Engineering Consultancy, Hyderabad",,Asia/Karachi,109,PK,Pakistan,16818,The Urban Unit,66,AirGradient,FALSE,Non-reference / air sensor,FALSE,25.385742,68.352781,24,AirGradient Open Air Generation 1 (O-1PST),1,13454881,https://explore.openaq.org/locations/4889110,Asia,Pakistan,PK
4897485,"Talpur House, Latifabad, Hyderabad",,Asia/Karachi,109,PK,Pakistan,16818,The Urban Unit,66,AirGradient,FALSE,Non-reference / air sensor,FALSE,25.367274,68.337884,24,AirGradient Open Air Generation 1 (O-1PST),1,13461451,https://explore.openaq.org/locations/4897485,Asia,Pakistan,PK
4906700,"CHS, Aga Khan University",,Asia/Karachi,109,PK,Pakistan,12,AirGradient,66,AirGradient,FALSE,Non-reference / air sensor,FALSE,24.891757,67.07182,7,Unknown AirGradient Sensor,1,13470590,https://explore.openaq.org/locations/4906700,Asia,Pakistan,PK
4908792,"DC Office, Kasur",,Asia/Karachi,109,PK,Pakistan,16818,The Urban Unit,66,AirGradient,FALSE,Non-reference / air sensor,FALSE,31.11548,74.467625,24,AirGradient Open Air Generation 1 (O-1PST),1,13472384,https://explore.openaq.org/locations/4908792,Asia,Pakistan,PK
4917341,NASTP,,Asia/Karachi,109,PK,Pakistan,16818,The Urban Unit,66,AirGradient,FALSE,Non-reference / air sensor,FALSE,33.6079232,73.0974891,24,AirGradient Open Air Generation 1 (O-1PST),1,13493758,https://explore.openaq.org/locations/4917341,Asia,Pakistan,PK
4932783,Climate Action Center,,Asia/Karachi,109,PK,Pakistan,16818,The Urban Unit,66,AirGradient,FALSE,Non-reference / air sensor,FALSE,24.86377,67.056642,24,AirGradient Open Air Generation 1 (O-1PST),1,13490916,https://explore.openaq.org/locations/4932783,Asia,Pakistan,PK
4952332,Gandhara University,,Asia/Karachi,109,PK,Pakistan,16818,The Urban Unit,66,AirGradient,FALSE,Non-reference / air sensor,FALSE,33.9926869,71.4809181,24,AirGradient Open Air Generation 1 (O-1PST),1,13507016,https://explore.openaq.org/locations/4952332,Asia,Pakistan,PK
4985886,G3 Engineering Consultants karachi,,Asia/Karachi,109,PK,Pakistan,16818,The Urban Unit,66,AirGradient,FALSE,Non-reference / air sensor,FALSE,24.80697,67.03319,24,AirGradient Open Air Generation 1 (O-1PST),1,13533643,https://explore.openaq.org/locations/4985886,Asia,Pakistan,PK
4986945,Solid waste Management ,,Asia/Karachi,109,PK,Pakistan,12,AirGradient,66,AirGradient,FALSE,Non-reference / air sensor,FALSE,24.8514342,66.9265802,7,Unknown AirGradient Sensor,1,13534804,https://explore.openaq.org/locations/4986945,Asia,Pakistan,PK
4997881,Ac Office Pasrur,,Asia/Karachi,109,PK,Pakistan,16818,The Urban Unit,66,AirGradient,FALSE,Non-reference / air sensor,FALSE,32.26521,74.655047,1,N/A,1,14152895,https://explore.openaq.org/locations/4997881,Asia,Pakistan,PK
5000524,korangi zoo,,Asia/Karachi,109,PK,Pakistan,12,AirGradient,66,AirGradient,FALSE,Non-reference / air sensor,FALSE,24.8265401,67.1587265,7,Unknown AirGradient Sensor,1,13545198,https://explore.openaq.org/locations/5000524,Asia,Pakistan,PK
5022173,Irrigation Directorate,,Asia/Karachi,109,PK,Pakistan,16818,The Urban Unit,66,AirGradient,FALSE,Non-reference / air sensor,FALSE,30.153549,66.984222,7,Unknown AirGradient Sensor,1,13561654,https://explore.openaq.org/locations/5022173,Asia,Pakistan,PK
5188633,Lyari Dream House,,Asia/Karachi,109,PK,Pakistan,12,AirGradient,66,AirGradient,FALSE,Non-reference / air sensor,FALSE,24.866596,66.99636,7,Unknown AirGradient Sensor,1,13682783,https://explore.openaq.org/locations/5188633,Asia,Pakistan,PK
5311872,Islamia Colony ,,Asia/Karachi,109,PK,Pakistan,16818,The Urban Unit,66,AirGradient,FALSE,Non-reference / air sensor,FALSE,29.365636,71.694954,24,AirGradient Open Air Generation 1 (O-1PST),1,13774290,https://explore.openaq.org/locations/5311872,Asia,Pakistan,PK
5325356,DC Office Sialkot,,Asia/Karachi,109,PK,Pakistan,16818,The Urban Unit,66,AirGradient,FALSE,Non-reference / air sensor,FALSE,33.64338,73.06828,24,AirGradient Open Air Generation 1 (O-1PST),1,13784055,https://explore.openaq.org/locations/5325356,Asia,Pakistan,PK
5371016,DC office ,,Asia/Karachi,109,PK,Pakistan,12,AirGradient,66,AirGradient,FALSE,Non-reference / air sensor,FALSE,33.64336,73.06817,7,Unknown AirGradient Sensor,1,13817565,https://explore.openaq.org/locations/5371016,Asia,Pakistan,PK
5371017,Thokar Niaz Baig,,Asia/Karachi,109,PK,Pakistan,16818,The Urban Unit,66,AirGradient,FALSE,Non-reference / air sensor,FALSE,31.4731356385854,74.2398165597876,24,AirGradient Open Air Generation 1 (O-1PST),1,13817570,https://explore.openaq.org/locations/5371017,Asia,Pakistan,PK
5417948,Solid waste Management ,,Asia/Karachi,109,PK,Pakistan,12,AirGradient,66,AirGradient,FALSE,Non-reference / air sensor,FALSE,24.8514342,66.9265802,7,Unknown AirGradient Sensor,1,13850279,https://explore.openaq.org/locations/5417948,Asia,Pakistan,PK
5644395,BUITEMS,,Asia/Karachi,109,PK,Pakistan,16818,The Urban Unit,66,AirGradient,FALSE,Non-reference / air sensor,FALSE,30.271591,66.939171,24,AirGradient Open Air Generation 1 (O-1PST),1,14018148,https://explore.openaq.org/locations/5644395,Asia,Pakistan,PK
5803519,Social Walfare Sialkot,,Asia/Karachi,109,PK,Pakistan,16818,The Urban Unit,66,AirGradient,FALSE,Non-reference / air sensor,FALSE,32.49374,74.5322,24,AirGradient Open Air Generation 1 (O-1PST),1,14129446,https://explore.openaq.org/locations/5803519,Asia,Pakistan,PK
5884439,Ugoki Union Council,,Asia/Karachi,109,PK,Pakistan,16818,The Urban Unit,66,AirGradient,FALSE,Non-reference / air sensor,FALSE,32.480061,74.451296,24,AirGradient Open Air Generation 1 (O-1PST),1,14191896,https://explore.openaq.org/locations/5884439,Asia,Pakistan,PK
6093552,Test Device,,Asia/Karachi,109,PK,Pakistan,12,AirGradient,66,AirGradient,FALSE,Non-reference / air sensor,FALSE,31.485304,74.341333,7,Unknown AirGradient Sensor,1,14363855,https://explore.openaq.org/locations/6093552,Asia,Pakistan,PK
6098269,WWF-03 PU EpicAir,,Asia/Karachi,109,PK,Pakistan,12,AirGradient,66,AirGradient,FALSE,Non-reference / air sensor,FALSE,31.4025897243568,73.0848547441783,24,AirGradient Open Air Generation 1 (O-1PST),1,14398129,https://explore.openaq.org/locations/6098269,Asia,Pakistan,PK
6098490,WWF-04 PU EpicAir,,Asia/Karachi,109,PK,Pakistan,12,AirGradient,66,AirGradient,FALSE,Non-reference / air sensor,FALSE,31.4956149430625,73.0738203,24,AirGradient Open Air Generation 1 (O-1PST),1,14400322,https://explore.openaq.org/locations/6098490,Asia,Pakistan,PK
6098527,WWF-01 PU EpicAir,,Asia/Karachi,109,PK,Pakistan,12,AirGradient,66,AirGradient,FALSE,Non-reference / air sensor,FALSE,31.4431323,73.1281507,24,AirGradient Open Air Generation 1 (O-1PST),1,14400044,https://explore.openaq.org/locations/6098527,Asia,Pakistan,PK
6101815,WWF-02 PU EpicAir,,Asia/Karachi,109,PK,Pakistan,12,AirGradient,66,AirGradient,FALSE,Non-reference / air sensor,FALSE,31.5010805809176,73.2178677957549,24,AirGradient Open Air Generation 1 (O-1PST),1,14424342,https://explore.openaq.org/locations/6101815,Asia,Pakistan,PK
6101816,WWF-05 PU EpicAir,,Asia/Karachi,109,PK,Pakistan,12,AirGradient,66,AirGradient,FALSE,Non-reference / air sensor,FALSE,31.4473144654091,73.0939953232869,24,AirGradient Open Air Generation 1 (O-1PST),1,14424347,https://explore.openaq.org/locations/6101816,Asia,Pakistan,PK
6106468,WWF-06 PU EpicAir,,Asia/Karachi,109,PK,Pakistan,12,AirGradient,66,AirGradient,FALSE,Non-reference / air sensor,FALSE,31.4160740951949,73.0916810745342,24,AirGradient Open Air Generation 1 (O-1PST),1,14458706,https://explore.openaq.org/locations/6106468,Asia,Pakistan,PK
6114241,WWF-10 PU EpicAir,,Asia/Karachi,109,PK,Pakistan,12,AirGradient,66,AirGradient,FALSE,Non-reference / air sensor,FALSE,31.418678993751,73.0842686711644,24,AirGradient Open Air Generation 1 (O-1PST),1,14514739,https://explore.openaq.org/locations/6114241,Asia,Pakistan,PK
6122104,WWF-07 PU EpicAir,,Asia/Karachi,109,PK,Pakistan,12,AirGradient,66,AirGradient,FALSE,Non-reference / air sensor,FALSE,31.5906739980233,73.1725861767131,24,AirGradient Open Air Generation 1 (O-1PST),1,14573151,https://explore.openaq.org/locations/6122104,Asia,Pakistan,PK
6122105,WWF-08 PU EpicAir,,Asia/Karachi,109,PK,Pakistan,12,AirGradient,66,AirGradient,FALSE,Non-reference / air sensor,FALSE,31.4971860846077,73.271051286507,7,Unknown AirGradient Sensor,1,14573156,https://explore.openaq.org/locations/6122105,Asia,Pakistan,PK
6122106,WWF-09 PU EpicAir,,Asia/Karachi,109,PK,Pakistan,12,AirGradient,66,AirGradient,FALSE,Non-reference / air sensor,FALSE,31.389390810994,73.0262434269861,24,AirGradient Open Air Generation 1 (O-1PST),1,14573161,https://explore.openaq.org/locations/6122106,Asia,Pakistan,PK
6125629,"ARC, Lahore",,Asia/Karachi,109,PK,Pakistan,16818,The Urban Unit,66,AirGradient,FALSE,Non-reference / air sensor,FALSE,31.522056,74.314944,24,AirGradient Open Air Generation 1 (O-1PST),1,14599816,https://explore.openaq.org/locations/6125629,Asia,Pakistan,PK
6130288,"Govt Girls High School, Murree City",,Asia/Karachi,109,PK,Pakistan,16818,The Urban Unit,66,AirGradient,FALSE,Non-reference / air sensor,FALSE,33.90752,73.392349,24,AirGradient Open Air Generation 1 (O-1PST),1,14634214,https://explore.openaq.org/locations/6130288,Asia,Pakistan,PK
6130291,Govt Boys High School Rawat Murree,,Asia/Karachi,109,PK,Pakistan,16818,The Urban Unit,66,AirGradient,FALSE,Non-reference / air sensor,FALSE,33.958973,73.456665,24,AirGradient Open Air Generation 1 (O-1PST),1,14634229,https://explore.openaq.org/locations/6130291,Asia,Pakistan,PK
6130996,Govt Girls High School Samli Tajjal Murree,,Asia/Karachi,109,PK,Pakistan,16818,The Urban Unit,66,AirGradient,FALSE,Non-reference / air sensor,FALSE,33.852583,73.3205,24,AirGradient Open Air Generation 1 (O-1PST),1,14639441,https://explore.openaq.org/locations/6130996,Asia,Pakistan,PK
6131254,Govt Sufi Abdul Aziz High School Kotli Sattian,,Asia/Karachi,109,PK,Pakistan,16818,The Urban Unit,66,AirGradient,FALSE,Non-reference / air sensor,FALSE,33.798424,73.519508,24,AirGradient Open Air Generation 1 (O-1PST),1,14641911,https://explore.openaq.org/locations/6131254,Asia,Pakistan,PK
6131330,Govt Higher Secondary School Karore Kotli Sattian,,Asia/Karachi,109,PK,Pakistan,16818,The Urban Unit,66,AirGradient,FALSE,Non-reference / air sensor,FALSE,33.747711,73.407402,24,AirGradient Open Air Generation 1 (O-1PST),1,14641921,https://explore.openaq.org/locations/6131330,Asia,Pakistan,PK
6135284,DCL Hattar,,Asia/Karachi,109,PK,Pakistan,23829,Pakistan Air Quality Initiative (PAQI پاکی),440,Hawanama,FALSE,Non-reference / air sensor,FALSE,33.8564,72.8622,17,AirVisual,1,14671459,https://explore.openaq.org/locations/6135284,Asia,Pakistan,PK
6135285,Abbottabad Thanda Chowa A,,Asia/Karachi,109,PK,Pakistan,23829,Pakistan Air Quality Initiative (PAQI پاکی),440,Hawanama,FALSE,Non-reference / air sensor,FALSE,34.1732,73.2498,17,AirVisual,1,14671460,https://explore.openaq.org/locations/6135285,Asia,Pakistan,PK
6135286,Malam Jabba Chairlift,,Asia/Karachi,109,PK,Pakistan,23829,Pakistan Air Quality Initiative (PAQI پاکی),440,Hawanama,FALSE,Non-reference / air sensor,FALSE,34.7982,72.5697,17,AirVisual,1,14671461,https://explore.openaq.org/locations/6135286,Asia,Pakistan,PK
6135287,Hatim's AirVisual AQI Moniter - Chitti Sheikhan,,Asia/Karachi,109,PK,Pakistan,23829,Pakistan Air Quality Initiative (PAQI پاکی),440,Hawanama,FALSE,Non-reference / air sensor,FALSE,32.5385080252162,74.4841583734058,17,AirVisual,1,14671462,https://explore.openaq.org/locations/6135287,Asia,Pakistan,PK
6135288,Mansehra Dhodial A,,Asia/Karachi,109,PK,Pakistan,23829,Pakistan Air Quality Initiative (PAQI پاکی),440,Hawanama,FALSE,Non-reference / air sensor,FALSE,34.4203,73.2469,17,AirVisual,1,14671463,https://explore.openaq.org/locations/6135288,Asia,Pakistan,PK
6135289,Bedian Thethar Rd LHE,,Asia/Karachi,109,PK,Pakistan,23829,Pakistan Air Quality Initiative (PAQI پاکی),440,Hawanama,FALSE,Non-reference / air sensor,FALSE,31.4139,74.4581,17,AirVisual,1,14671464,https://explore.openaq.org/locations/6135289,Asia,Pakistan,PK
6135290,Bahuman-Pindi Bhattian,,Asia/Karachi,109,PK,Pakistan,23829,Pakistan Air Quality Initiative (PAQI پاکی),440,Hawanama,FALSE,Non-reference / air sensor,FALSE,31.8779219429763,73.3770629729819,17,AirVisual,1,14671465,https://explore.openaq.org/locations/6135290,Asia,Pakistan,PK
6135291,WWF-Pakistan Rahim Yar Khan Office,,Asia/Karachi,109,PK,Pakistan,23829,Pakistan Air Quality Initiative (PAQI پاکی),440,Hawanama,FALSE,Non-reference / air sensor,FALSE,28.4006,70.3268,17,AirVisual,1,14671466,https://explore.openaq.org/locations/6135291,Asia,Pakistan,PK
6135292,Quaid-e-Azam Solar Power 100MWp,,Asia/Karachi,109,PK,Pakistan,23829,Pakistan Air Quality Initiative (PAQI پاکی),440,Hawanama,FALSE,Non-reference / air sensor,FALSE,29.3151,71.8303,17,AirVisual,1,14671467,https://explore.openaq.org/locations/6135292,Asia,Pakistan,PK
6135293,"B Block, Phase 5, DHA",,Asia/Karachi,109,PK,Pakistan,23829,Pakistan Air Quality Initiative (PAQI پاکی),440,Hawanama,FALSE,Non-reference / air sensor,FALSE,31.4646,74.4204,17,AirVisual,1,14671468,https://explore.openaq.org/locations/6135293,Asia,Pakistan,PK
6135294,Ali Tareen Farms,,Asia/Karachi,109,PK,Pakistan,23829,Pakistan Air Quality Initiative (PAQI پاکی),440,Hawanama,FALSE,Non-reference / air sensor,FALSE,29.6799298003602,71.5607794438713,17,AirVisual,1,14671469,https://explore.openaq.org/locations/6135294,Asia,Pakistan,PK
6135295,Pakistan Engineering Services (Pvt) Ltd.,,Asia/Karachi,109,PK,Pakistan,23829,Pakistan Air Quality Initiative (PAQI پاکی),440,Hawanama,FALSE,Non-reference / air sensor,FALSE,31.4671,74.4169,17,AirVisual,1,14671470,https://explore.openaq.org/locations/6135295,Asia,Pakistan,PK
6135296,Sufi City,,Asia/Karachi,109,PK,Pakistan,23829,Pakistan Air Quality Initiative (PAQI پاکی),440,Hawanama,FALSE,Non-reference / air sensor,FALSE,32.5889,73.5123,17,AirVisual,1,14671471,https://explore.openaq.org/locations/6135296,Asia,Pakistan,PK
6135297,Islamabad Station,,Asia/Karachi,109,PK,Pakistan,23829,Pakistan Air Quality Initiative (PAQI پاکی),440,Hawanama,FALSE,Non-reference / air sensor,FALSE,33.725614,73.11602,17,AirVisual,1,14671472,https://explore.openaq.org/locations/6135297,Asia,Pakistan,PK
6135298,Kerry Freight Pakistan Pvt Ltd,,Asia/Karachi,109,PK,Pakistan,23829,Pakistan Air Quality Initiative (PAQI پاکی),440,Hawanama,FALSE,Non-reference / air sensor,FALSE,24.8896463610356,67.0806134255034,17,AirVisual,1,14671473,https://explore.openaq.org/locations/6135298,Asia,Pakistan,PK
6135299,Yani Home,,Asia/Karachi,109,PK,Pakistan,23829,Pakistan Air Quality Initiative (PAQI پاکی),440,Hawanama,FALSE,Non-reference / air sensor,FALSE,31.4788,74.4726,17,AirVisual,1,14671474,https://explore.openaq.org/locations/6135299,Asia,Pakistan,PK
6135300,Dewan Cement Hattar 2,,Asia/Karachi,109,PK,Pakistan,23829,Pakistan Air Quality Initiative (PAQI پاکی),440,Hawanama,FALSE,Non-reference / air sensor,FALSE,33.856,72.8621,17,AirVisual,1,14671475,https://explore.openaq.org/locations/6135300,Asia,Pakistan,PK
6135301,Grand Charter School,,Asia/Karachi,109,PK,Pakistan,23829,Pakistan Air Quality Initiative (PAQI پاکی),440,Hawanama,FALSE,Non-reference / air sensor,FALSE,31.4721,74.3192,17,AirVisual,1,14671476,https://explore.openaq.org/locations/6135301,Asia,Pakistan,PK
6135302,WWF-Pakistan Karachi Office,,Asia/Karachi,109,PK,Pakistan,23829,Pakistan Air Quality Initiative (PAQI پاکی),440,Hawanama,FALSE,Non-reference / air sensor,FALSE,24.8654,67.0745,17,AirVisual,1,14671477,https://explore.openaq.org/locations/6135302,Asia,Pakistan,PK
6135303,Gujranwala SFL,,Asia/Karachi,109,PK,Pakistan,23829,Pakistan Air Quality Initiative (PAQI پاکی),440,Hawanama,FALSE,Non-reference / air sensor,FALSE,32.137,74.1781,17,AirVisual,1,14671478,https://explore.openaq.org/locations/6135303,Asia,Pakistan,PK
6135304,"Street 8, Sector F-7/3, Islamabad",,Asia/Karachi,109,PK,Pakistan,23829,Pakistan Air Quality Initiative (PAQI پاکی),440,Hawanama,FALSE,Non-reference / air sensor,FALSE,33.7233070365227,73.0636942779776,17,AirVisual,1,14671479,https://explore.openaq.org/locations/6135304,Asia,Pakistan,PK
6135305,NPPMCL-BALLOKI,,Asia/Karachi,109,PK,Pakistan,23829,Pakistan Air Quality Initiative (PAQI پاکی),440,Hawanama,FALSE,Non-reference / air sensor,FALSE,31.039,73.9297,17,AirVisual,1,14671480,https://explore.openaq.org/locations/6135305,Asia,Pakistan,PK
6135306,Askari 10,,Asia/Karachi,109,PK,Pakistan,23829,Pakistan Air Quality Initiative (PAQI پاکی),440,Hawanama,FALSE,Non-reference / air sensor,FALSE,31.5353,74.4172,17,AirVisual,1,14671481,https://explore.openaq.org/locations/6135306,Asia,Pakistan,PK
6135307,"Dr Abuzar - Bahria Town, Phase 5",,Asia/Karachi,109,PK,Pakistan,23829,Pakistan Air Quality Initiative (PAQI پاکی),440,Hawanama,FALSE,Non-reference / air sensor,FALSE,33.5613326908707,73.1308287664732,17,AirVisual,1,14671482,https://explore.openaq.org/locations/6135307,Asia,Pakistan,PK
6135308,WWF-Pakistan Peshawar Regional Office,,Asia/Karachi,109,PK,Pakistan,23829,Pakistan Air Quality Initiative (PAQI پاکی),440,Hawanama,FALSE,Non-reference / air sensor,FALSE,34.0241,71.4905,17,AirVisual,1,14671483,https://explore.openaq.org/locations/6135308,Asia,Pakistan,PK
6135309,Scarsdale International School,,Asia/Karachi,109,PK,Pakistan,23829,Pakistan Air Quality Initiative (PAQI پاکی),440,Hawanama,FALSE,Non-reference / air sensor,FALSE,31.4637,74.3749,17,AirVisual,1,14671484,https://explore.openaq.org/locations/6135309,Asia,Pakistan,PK
6135310,Bahria Town Phase 2,,Asia/Karachi,109,PK,Pakistan,23829,Pakistan Air Quality Initiative (PAQI پاکی),440,Hawanama,FALSE,Non-reference / air sensor,FALSE,33.5541,73.1214,17,AirVisual,1,14671485,https://explore.openaq.org/locations/6135310,Asia,Pakistan,PK
6135311,Korangi Sector 15,,Asia/Karachi,109,PK,Pakistan,23829,Pakistan Air Quality Initiative (PAQI پاکی),440,Hawanama,FALSE,Non-reference / air sensor,FALSE,24.8353492731343,67.1020030975342,17,AirVisual,1,14671486,https://explore.openaq.org/locations/6135311,Asia,Pakistan,PK
6135312,PTC Jehlum,,Asia/Karachi,109,PK,Pakistan,23829,Pakistan Air Quality Initiative (PAQI پاکی),440,Hawanama,FALSE,Non-reference / air sensor,FALSE,32.98,73.6858,17,AirVisual,1,14671487,https://explore.openaq.org/locations/6135312,Asia,Pakistan,PK
6135313,Ghazi Road Interchange,,Asia/Karachi,109,PK,Pakistan,23829,Pakistan Air Quality Initiative (PAQI پاکی),440,Hawanama,FALSE,Non-reference / air sensor,FALSE,31.489402,74.4176706,17,AirVisual,1,14671488,https://explore.openaq.org/locations/6135313,Asia,Pakistan,PK
6135314,NED University City Campus,,Asia/Karachi,109,PK,Pakistan,23829,Pakistan Air Quality Initiative (PAQI پاکی),440,Hawanama,FALSE,Non-reference / air sensor,FALSE,24.853927,67.014382,17,AirVisual,1,14671489,https://explore.openaq.org/locations/6135314,Asia,Pakistan,PK
6135315,WWF-Pakistan Sialkot,,Asia/Karachi,109,PK,Pakistan,23829,Pakistan Air Quality Initiative (PAQI پاکی),440,Hawanama,FALSE,Non-reference / air sensor,FALSE,32.4644,74.5132,17,AirVisual,1,14671490,https://explore.openaq.org/locations/6135315,Asia,Pakistan,PK
6135316,FF Pakistan,,Asia/Karachi,109,PK,Pakistan,23829,Pakistan Air Quality Initiative (PAQI پاکی),440,Hawanama,FALSE,Non-reference / air sensor,FALSE,31.4714,74.2879,17,AirVisual,1,14671491,https://explore.openaq.org/locations/6135316,Asia,Pakistan,PK
6135317,Dewan Cement Hattar,,Asia/Karachi,109,PK,Pakistan,23829,Pakistan Air Quality Initiative (PAQI پاکی),440,Hawanama,FALSE,Non-reference / air sensor,FALSE,33.856,72.8621,17,AirVisual,1,14671492,https://explore.openaq.org/locations/6135317,Asia,Pakistan,PK
6135318,WWF-PAKISTAN,,Asia/Karachi,109,PK,Pakistan,23829,Pakistan Air Quality Initiative (PAQI پاکی),440,Hawanama,FALSE,Non-reference / air sensor,FALSE,31.4853,74.3415,17,AirVisual,1,14671493,https://explore.openaq.org/locations/6135318,Asia,Pakistan,PK
6135319,Revenue Employees Coop Housing Society,,Asia/Karachi,109,PK,Pakistan,23829,Pakistan Air Quality Initiative (PAQI پاکی),440,Hawanama,FALSE,Non-reference / air sensor,FALSE,31.4485,74.288,17,AirVisual,1,14671494,https://explore.openaq.org/locations/6135319,Asia,Pakistan,PK
6135320,Model Town A LHE,,Asia/Karachi,109,PK,Pakistan,23829,Pakistan Air Quality Initiative (PAQI پاکی),440,Hawanama,FALSE,Non-reference / air sensor,FALSE,31.4784,74.3238,17,AirVisual,1,14671495,https://explore.openaq.org/locations/6135320,Asia,Pakistan,PK
6135321,Dawlance Pvt Ltd,,Asia/Karachi,109,PK,Pakistan,23829,Pakistan Air Quality Initiative (PAQI پاکی),440,Hawanama,FALSE,Non-reference / air sensor,FALSE,24.8543,67.2237,17,AirVisual,1,14671496,https://explore.openaq.org/locations/6135321,Asia,Pakistan,PK
6135322,"Chakbeli Khan, Rawalpindi",,Asia/Karachi,109,PK,Pakistan,23829,Pakistan Air Quality Initiative (PAQI پاکی),440,Hawanama,FALSE,Non-reference / air sensor,FALSE,33.2361,72.9137,17,AirVisual,1,14671497,https://explore.openaq.org/locations/6135322,Asia,Pakistan,PK
6135323,Gurumangat Rd B LHE,,Asia/Karachi,109,PK,Pakistan,23829,Pakistan Air Quality Initiative (PAQI پاکی),440,Hawanama,FALSE,Non-reference / air sensor,FALSE,31.5047,74.358,17,AirVisual,1,14671498,https://explore.openaq.org/locations/6135323,Asia,Pakistan,PK
6135324,Shadman Market B LHE,,Asia/Karachi,109,PK,Pakistan,23829,Pakistan Air Quality Initiative (PAQI پاکی),440,Hawanama,FALSE,Non-reference / air sensor,FALSE,31.5406,74.331,17,AirVisual,1,14671499,https://explore.openaq.org/locations/6135324,Asia,Pakistan,PK
6135325,WWF-Pakistan Abbotabad,,Asia/Karachi,109,PK,Pakistan,23829,Pakistan Air Quality Initiative (PAQI پاکی),440,Hawanama,FALSE,Non-reference / air sensor,FALSE,34.152,73.2121,17,AirVisual,1,14671500,https://explore.openaq.org/locations/6135325,Asia,Pakistan,PK
6135326,Ferozepur Rd A LHE,,Asia/Karachi,109,PK,Pakistan,23829,Pakistan Air Quality Initiative (PAQI پاکی),440,Hawanama,FALSE,Non-reference / air sensor,FALSE,31.4766,74.344,17,AirVisual,1,14671501,https://explore.openaq.org/locations/6135326,Asia,Pakistan,PK
6135327,"Mughal Village, Islamabad (Zone 5)",,Asia/Karachi,109,PK,Pakistan,23829,Pakistan Air Quality Initiative (PAQI پاکی),440,Hawanama,FALSE,Non-reference / air sensor,FALSE,33.5555,73.2535,17,AirVisual,1,14671502,https://explore.openaq.org/locations/6135327,Asia,Pakistan,PK
6135328,Honda Gateway,,Asia/Karachi,109,PK,Pakistan,23829,Pakistan Air Quality Initiative (PAQI پاکی),440,Hawanama,FALSE,Non-reference / air sensor,FALSE,31.4515,74.2098,17,AirVisual,1,14671503,https://explore.openaq.org/locations/6135328,Asia,Pakistan,PK
6135329,LAS Lahore,,Asia/Karachi,109,PK,Pakistan,23829,Pakistan Air Quality Initiative (PAQI پاکی),440,Hawanama,FALSE,Non-reference / air sensor,FALSE,31.5466,74.3538,17,AirVisual,1,14671504,https://explore.openaq.org/locations/6135329,Asia,Pakistan,PK
6135330,University of Central Punjab,,Asia/Karachi,109,PK,Pakistan,23829,Pakistan Air Quality Initiative (PAQI پاکی),440,Hawanama,FALSE,Non-reference / air sensor,FALSE,31.4469,74.2677,17,AirVisual,1,14671505,https://explore.openaq.org/locations/6135330,Asia,Pakistan,PK
6135331,GT Road Peshawar,,Asia/Karachi,109,PK,Pakistan,23829,Pakistan Air Quality Initiative (PAQI پاکی),440,Hawanama,FALSE,Non-reference / air sensor,FALSE,34.0173936733296,71.5830462504469,17,AirVisual,1,14671506,https://explore.openaq.org/locations/6135331,Asia,Pakistan,PK
6135332,Islamabad H11 A,,Asia/Karachi,109,PK,Pakistan,23829,Pakistan Air Quality Initiative (PAQI پاکی),440,Hawanama,FALSE,Non-reference / air sensor,FALSE,33.6457,73.005,17,AirVisual,1,14671507,https://explore.openaq.org/locations/6135332,Asia,Pakistan,PK
6135333,Trinity School Lahore,,Asia/Karachi,109,PK,Pakistan,23829,Pakistan Air Quality Initiative (PAQI پاکی),440,Hawanama,FALSE,Non-reference / air sensor,FALSE,31.4746,74.2786,17,AirVisual,1,14671508,https://explore.openaq.org/locations/6135333,Asia,Pakistan,PK
6135334,WWF-Pakistan Quetta Office,,Asia/Karachi,109,PK,Pakistan,23829,Pakistan Air Quality Initiative (PAQI پاکی),440,Hawanama,FALSE,Non-reference / air sensor,FALSE,30.1709,66.9842,17,AirVisual,1,14671509,https://explore.openaq.org/locations/6135334,Asia,Pakistan,PK
6135335,"Street # 1, F-6/3",,Asia/Karachi,109,PK,Pakistan,23829,Pakistan Air Quality Initiative (PAQI پاکی),440,Hawanama,FALSE,Non-reference / air sensor,FALSE,33.7305973346536,73.0811549096957,17,AirVisual,1,14671510,https://explore.openaq.org/locations/6135335,Asia,Pakistan,PK
6135336,Syed Maratib Ali Road,,Asia/Karachi,109,PK,Pakistan,23829,Pakistan Air Quality Initiative (PAQI پاکی),440,Hawanama,FALSE,Non-reference / air sensor,FALSE,31.5287712,74.3454402,17,AirVisual,1,14671511,https://explore.openaq.org/locations/6135336,Asia,Pakistan,PK
6135337,Yousaf Garden near Qatalmara Road,,Asia/Karachi,109,PK,Pakistan,23829,Pakistan Air Quality Initiative (PAQI پاکی),440,Hawanama,FALSE,Non-reference / air sensor,FALSE,29.36232,71.64155,17,AirVisual,1,14671512,https://explore.openaq.org/locations/6135337,Asia,Pakistan,PK
6135338,"F7-2, Street 20",,Asia/Karachi,109,PK,Pakistan,23829,Pakistan Air Quality Initiative (PAQI پاکی),440,Hawanama,FALSE,Non-reference / air sensor,FALSE,33.7167639114788,73.0441043628969,17,AirVisual,1,14671513,https://explore.openaq.org/locations/6135338,Asia,Pakistan,PK
6135339,JDW Unit 1,,Asia/Karachi,109,PK,Pakistan,23829,Pakistan Air Quality Initiative (PAQI پاکی),440,Hawanama,FALSE,Non-reference / air sensor,FALSE,28.5236855015763,70.0764137997509,17,AirVisual,1,14671514,https://explore.openaq.org/locations/6135339,Asia,Pakistan,PK
6135340,Tufail Road near Rahat Bakery,,Asia/Karachi,109,PK,Pakistan,23829,Pakistan Air Quality Initiative (PAQI پاکی),440,Hawanama,FALSE,Non-reference / air sensor,FALSE,31.5298,74.3776,17,AirVisual,1,14671515,https://explore.openaq.org/locations/6135340,Asia,Pakistan,PK
6135341,Dewan Cement Hattar 3,,Asia/Karachi,109,PK,Pakistan,23829,Pakistan Air Quality Initiative (PAQI پاکی),440,Hawanama,FALSE,Non-reference / air sensor,FALSE,33.856,72.8621,17,AirVisual,1,14671516,https://explore.openaq.org/locations/6135341,Asia,Pakistan,PK
6135342,Peshawar A Hayatabad,,Asia/Karachi,109,PK,Pakistan,23829,Pakistan Air Quality Initiative (PAQI پاکی),440,Hawanama,FALSE,Non-reference / air sensor,FALSE,33.993,71.4419,17,AirVisual,1,14671517,https://explore.openaq.org/locations/6135342,Asia,Pakistan,PK
6135343,Powerzone head office,,Asia/Karachi,109,PK,Pakistan,23829,Pakistan Air Quality Initiative (PAQI پاکی),440,Hawanama,FALSE,Non-reference / air sensor,FALSE,31.393,74.2408,17,AirVisual,1,14671518,https://explore.openaq.org/locations/6135343,Asia,Pakistan,PK
6135344,Kickstart MM Alam,,Asia/Karachi,109,PK,Pakistan,23829,Pakistan Air Quality Initiative (PAQI پاکی),440,Hawanama,FALSE,Non-reference / air sensor,FALSE,31.5051,74.3486,17,AirVisual,1,14671519,https://explore.openaq.org/locations/6135344,Asia,Pakistan,PK
6135345,house street22 e7,,Asia/Karachi,109,PK,Pakistan,23829,Pakistan Air Quality Initiative (PAQI پاکی),440,Hawanama,FALSE,Non-reference / air sensor,FALSE,33.731777928497,73.0480797832302,17,AirVisual,1,14671520,https://explore.openaq.org/locations/6135345,Asia,Pakistan,PK
6135346,Mirza Hospital Jehlum,,Asia/Karachi,109,PK,Pakistan,23829,Pakistan Air Quality Initiative (PAQI پاکی),440,Hawanama,FALSE,Non-reference / air sensor,FALSE,32.9289,73.7311,17,AirVisual,1,14671521,https://explore.openaq.org/locations/6135346,Asia,Pakistan,PK
6135347,TPL Insurance,,Asia/Karachi,109,PK,Pakistan,23829,Pakistan Air Quality Initiative (PAQI پاکی),440,Hawanama,FALSE,Non-reference / air sensor,FALSE,24.8577,67.0541,17,AirVisual,1,14671522,https://explore.openaq.org/locations/6135347,Asia,Pakistan,PK
6135348,HC - Askari 10,,Asia/Karachi,109,PK,Pakistan,23829,Pakistan Air Quality Initiative (PAQI پاکی),440,Hawanama,FALSE,Non-reference / air sensor,FALSE,31.5307,74.4115,17,AirVisual,1,14671523,https://explore.openaq.org/locations/6135348,Asia,Pakistan,PK
6135349,Diamond Paint industries PVT LTD.,,Asia/Karachi,109,PK,Pakistan,23829,Pakistan Air Quality Initiative (PAQI پاکی),440,Hawanama,FALSE,Non-reference / air sensor,FALSE,31.4598,74.329,17,AirVisual,1,14671524,https://explore.openaq.org/locations/6135349,Asia,Pakistan,PK
6135350,NPPMCL,,Asia/Karachi,109,PK,Pakistan,23829,Pakistan Air Quality Initiative (PAQI پاکی),440,Hawanama,FALSE,Non-reference / air sensor,FALSE,31.5182,74.3508,17,AirVisual,1,14671525,https://explore.openaq.org/locations/6135350,Asia,Pakistan,PK
6135351,Hiking & Mountaineering Club GCU Lahore,,Asia/Karachi,109,PK,Pakistan,23829,Pakistan Air Quality Initiative (PAQI پاکی),440,Hawanama,FALSE,Non-reference / air sensor,FALSE,31.5741,74.308,17,AirVisual,1,14671526,https://explore.openaq.org/locations/6135351,Asia,Pakistan,PK
6135352,Westridge1,,Asia/Karachi,109,PK,Pakistan,23829,Pakistan Air Quality Initiative (PAQI پاکی),440,Hawanama,FALSE,Non-reference / air sensor,FALSE,33.610966,73.026855,17,AirVisual,1,14671527,https://explore.openaq.org/locations/6135352,Asia,Pakistan,PK
6135353,The University of Lahore,,Asia/Karachi,109,PK,Pakistan,23829,Pakistan Air Quality Initiative (PAQI پاکی),440,Hawanama,FALSE,Non-reference / air sensor,FALSE,31.3912,74.2414,17,AirVisual,1,14671528,https://explore.openaq.org/locations/6135353,Asia,Pakistan,PK
6135354,Jamkanda,,Asia/Karachi,109,PK,Pakistan,23829,Pakistan Air Quality Initiative (PAQI پاکی),440,Hawanama,FALSE,Non-reference / air sensor,FALSE,24.8846,67.2651,17,AirVisual,1,14671529,https://explore.openaq.org/locations/6135354,Asia,Pakistan,PK
6135355,Chak No. 108/15-L,,Asia/Karachi,109,PK,Pakistan,23829,Pakistan Air Quality Initiative (PAQI پاکی),440,Hawanama,FALSE,Non-reference / air sensor,FALSE,30.3482,72.2335,17,AirVisual,1,14671530,https://explore.openaq.org/locations/6135355,Asia,Pakistan,PK
6135356,W.R,,Asia/Karachi,109,PK,Pakistan,23829,Pakistan Air Quality Initiative (PAQI پاکی),440,Hawanama,FALSE,Non-reference / air sensor,FALSE,31.4761,74.405,17,AirVisual,1,14671531,https://explore.openaq.org/locations/6135356,Asia,Pakistan,PK
6135357,VTS,,Asia/Karachi,109,PK,Pakistan,23829,Pakistan Air Quality Initiative (PAQI پاکی),440,Hawanama,FALSE,Non-reference / air sensor,FALSE,31.5083,74.321,17,AirVisual,1,14671532,https://explore.openaq.org/locations/6135357,Asia,Pakistan,PK
6135358,Dewan Cement Hattar 5,,Asia/Karachi,109,PK,Pakistan,23829,Pakistan Air Quality Initiative (PAQI پاکی),440,Hawanama,FALSE,Non-reference / air sensor,FALSE,33.8561,72.8622,17,AirVisual,1,14671533,https://explore.openaq.org/locations/6135358,Asia,Pakistan,PK
6135359,Rawalpindi A GT Road,,Asia/Karachi,109,PK,Pakistan,23829,Pakistan Air Quality Initiative (PAQI پاکی),440,Hawanama,FALSE,Non-reference / air sensor,FALSE,33.5482,73.1017,17,AirVisual,1,14671534,https://explore.openaq.org/locations/6135359,Asia,Pakistan,PK
6135360,Allama Iqbal Town B LHE,,Asia/Karachi,109,PK,Pakistan,23829,Pakistan Air Quality Initiative (PAQI پاکی),440,Hawanama,FALSE,Non-reference / air sensor,FALSE,31.5169,74.2849,17,AirVisual,1,14671535,https://explore.openaq.org/locations/6135360,Asia,Pakistan,PK
6135361,Dawlance Factory (URIL) Hyderabad,,Asia/Karachi,109,PK,Pakistan,23829,Pakistan Air Quality Initiative (PAQI پاکی),440,Hawanama,FALSE,Non-reference / air sensor,FALSE,25.3748,68.3858,17,AirVisual,1,14671536,https://explore.openaq.org/locations/6135361,Asia,Pakistan,PK
6135362,Dewan Cement Hattar 4,,Asia/Karachi,109,PK,Pakistan,23829,Pakistan Air Quality Initiative (PAQI پاکی),440,Hawanama,FALSE,Non-reference / air sensor,FALSE,33.856,72.8621,17,AirVisual,1,14671537,https://explore.openaq.org/locations/6135362,Asia,Pakistan,PK
6135363,Multan Cantonment,,Asia/Karachi,109,PK,Pakistan,23829,Pakistan Air Quality Initiative (PAQI پاکی),440,Hawanama,FALSE,Non-reference / air sensor,FALSE,30.1775172381706,71.4195916425162,17,AirVisual,1,14671538,https://explore.openaq.org/locations/6135363,Asia,Pakistan,PK
6135364,CERP Office,,Asia/Karachi,109,PK,Pakistan,23829,Pakistan Air Quality Initiative (PAQI پاکی),440,Hawanama,FALSE,Non-reference / air sensor,FALSE,31.5236,74.3524,17,AirVisual,1,14671539,https://explore.openaq.org/locations/6135364,Asia,Pakistan,PK
6135365,Khanewal Road near Shamsabad Colony,,Asia/Karachi,109,PK,Pakistan,23829,Pakistan Air Quality Initiative (PAQI پاکی),440,Hawanama,FALSE,Non-reference / air sensor,FALSE,30.2093,71.4758,17,AirVisual,1,14671540,https://explore.openaq.org/locations/6135365,Asia,Pakistan,PK
6135366,Phase8-DHA,,Asia/Karachi,109,PK,Pakistan,23829,Pakistan Air Quality Initiative (PAQI پاکی),440,Hawanama,FALSE,Non-reference / air sensor,FALSE,31.529031218872,74.4381257796822,17,AirVisual,1,14671541,https://explore.openaq.org/locations/6135366,Asia,Pakistan,PK
6135367,WWF-Pakistan Multan Office,,Asia/Karachi,109,PK,Pakistan,23829,Pakistan Air Quality Initiative (PAQI پاکی),440,Hawanama,FALSE,Non-reference / air sensor,FALSE,30.2366,71.4832,17,AirVisual,1,14671542,https://explore.openaq.org/locations/6135367,Asia,Pakistan,PK
6135368,FF Pakistan - 1,,Asia/Karachi,109,PK,Pakistan,23829,Pakistan Air Quality Initiative (PAQI پاکی),440,Hawanama,FALSE,Non-reference / air sensor,FALSE,31.4551,74.437,17,AirVisual,1,14671543,https://explore.openaq.org/locations/6135368,Asia,Pakistan,PK
6135369,WWF-Pakistan Sukkur Office,,Asia/Karachi,109,PK,Pakistan,23829,Pakistan Air Quality Initiative (PAQI پاکی),440,Hawanama,FALSE,Non-reference / air sensor,FALSE,27.7119,68.8312,17,AirVisual,1,14671544,https://explore.openaq.org/locations/6135369,Asia,Pakistan,PK
6135370,Burki Rd B LHE,,Asia/Karachi,109,PK,Pakistan,23829,Pakistan Air Quality Initiative (PAQI پاکی),440,Hawanama,FALSE,Non-reference / air sensor,FALSE,31.5332,74.4504,17,AirVisual,1,14671545,https://explore.openaq.org/locations/6135370,Asia,Pakistan,PK
6135371,Abbottabad A Mangal,,Asia/Karachi,109,PK,Pakistan,23829,Pakistan Air Quality Initiative (PAQI پاکی),440,Hawanama,FALSE,Non-reference / air sensor,FALSE,34.2608,73.2343,17,AirVisual,1,14671546,https://explore.openaq.org/locations/6135371,Asia,Pakistan,PK
6135372,Dalazak Road Peshawar,,Asia/Karachi,109,PK,Pakistan,23829,Pakistan Air Quality Initiative (PAQI پاکی),440,Hawanama,FALSE,Non-reference / air sensor,FALSE,33.9942728909097,71.5364735824875,17,AirVisual,1,14671547,https://explore.openaq.org/locations/6135372,Asia,Pakistan,PK
6135373,Climate Finance Pakistan (PakAirQuality),,Asia/Karachi,109,PK,Pakistan,23829,Pakistan Air Quality Initiative (PAQI پاکی),440,Hawanama,FALSE,Non-reference / air sensor,FALSE,31.5378,74.3441,17,AirVisual,1,14671548,https://explore.openaq.org/locations/6135373,Asia,Pakistan,PK
6135374,"Near Ada Plot, Raiwind Road",,Asia/Karachi,109,PK,Pakistan,23829,Pakistan Air Quality Initiative (PAQI پاکی),440,Hawanama,FALSE,Non-reference / air sensor,FALSE,31.3766,74.2379,17,AirVisual,1,14671549,https://explore.openaq.org/locations/6135374,Asia,Pakistan,PK
6135375,Northwest Hospital Phase V Hayatabad Peshawar,,Asia/Karachi,109,PK,Pakistan,23829,Pakistan Air Quality Initiative (PAQI پاکی),440,Hawanama,FALSE,Non-reference / air sensor,FALSE,33.9787,71.4537,17,AirVisual,1,14671550,https://explore.openaq.org/locations/6135375,Asia,Pakistan,PK
6135376,"St.Michael's Church, Tando Adam Road",,Asia/Karachi,109,PK,Pakistan,23829,Pakistan Air Quality Initiative (PAQI پاکی),440,Hawanama,FALSE,Non-reference / air sensor,FALSE,25.5296920878943,69.0068665304749,17,AirVisual,1,14671551,https://explore.openaq.org/locations/6135376,Asia,Pakistan,PK
6135377,Johar Town B LHE,,Asia/Karachi,109,PK,Pakistan,23829,Pakistan Air Quality Initiative (PAQI پاکی),440,Hawanama,FALSE,Non-reference / air sensor,FALSE,31.47,74.2611,17,AirVisual,1,14671552,https://explore.openaq.org/locations/6135377,Asia,Pakistan,PK
6135378,Abbotabad Mansehra Road,,Asia/Karachi,109,PK,Pakistan,23829,Pakistan Air Quality Initiative (PAQI پاکی),440,Hawanama,FALSE,Non-reference / air sensor,FALSE,34.1420185953596,73.2161421461744,17,AirVisual,1,14671553,https://explore.openaq.org/locations/6135378,Asia,Pakistan,PK
6135421,Model Town B LHE,,Asia/Karachi,109,PK,Pakistan,23829,Pakistan Air Quality Initiative (PAQI پاکی),440,Hawanama,FALSE,Non-reference / air sensor,FALSE,31.4824,74.308,1;17,N/A; AirVisual,1,14677802,https://explore.openaq.org/locations/6135421,Asia,Pakistan,PK
6135423,"Muncipal Corporation, Sialkot",,Asia/Karachi,109,PK,Pakistan,23829,Pakistan Air Quality Initiative (PAQI پاکی),440,Hawanama,FALSE,Non-reference / air sensor,FALSE,32.494596,74.541963,1;17,N/A; AirVisual,1,14673707,https://explore.openaq.org/locations/6135423,Asia,Pakistan,PK
6135424,Ac Office Pasrur,,Asia/Karachi,109,PK,Pakistan,23829,Pakistan Air Quality Initiative (PAQI پاکی),440,Hawanama,FALSE,Non-reference / air sensor,FALSE,32.26521,74.655047,1;17,N/A; AirVisual,1,14923460,https://explore.openaq.org/locations/6135424,Asia,Pakistan,PK
6135426,Aga khan University Main Campus,,Asia/Karachi,109,PK,Pakistan,23829,Pakistan Air Quality Initiative (PAQI پاکی),440,Hawanama,FALSE,Non-reference / air sensor,FALSE,24.892402,67.074663,1;17,N/A; AirVisual,1,14744851,https://explore.openaq.org/locations/6135426,Asia,Pakistan,PK
6135427,"Talpur House, Latifabad, Hyderabad",,Asia/Karachi,109,PK,Pakistan,23829,Pakistan Air Quality Initiative (PAQI پاکی),440,Hawanama,FALSE,Non-reference / air sensor,FALSE,25.367274,68.337884,1;17,N/A; AirVisual,1,14673708,https://explore.openaq.org/locations/6135427,Asia,Pakistan,PK
6135428,Bolan Medical Complex,,Asia/Karachi,109,PK,Pakistan,23829,Pakistan Air Quality Initiative (PAQI پاکی),440,Hawanama,FALSE,Non-reference / air sensor,FALSE,30.191353,66.974876,1;17,N/A; AirVisual,1,14673709,https://explore.openaq.org/locations/6135428,Asia,Pakistan,PK
6135429,WWF-05 PU EpicAir,,Asia/Karachi,109,PK,Pakistan,23829,Pakistan Air Quality Initiative (PAQI پاکی),440,Hawanama,FALSE,Non-reference / air sensor,FALSE,31.447314,73.093995,1;17,N/A; AirVisual,1,14681897,https://explore.openaq.org/locations/6135429,Asia,Pakistan,PK
6135430,university of punjab grw,,Asia/Karachi,109,PK,Pakistan,23829,Pakistan Air Quality Initiative (PAQI پاکی),440,Hawanama,FALSE,Non-reference / air sensor,FALSE,32.190967,74.152653,1;17,N/A; AirVisual,1,14680874,https://explore.openaq.org/locations/6135430,Asia,Pakistan,PK
6135431,WWF Office,,Asia/Karachi,109,PK,Pakistan,23829,Pakistan Air Quality Initiative (PAQI پاکی),440,Hawanama,FALSE,Non-reference / air sensor,FALSE,33.990599,71.49962,1;17,N/A; AirVisual,1,14686621,https://explore.openaq.org/locations/6135431,Asia,Pakistan,PK
6135432,Shaheed Benazir Women University,,Asia/Karachi,109,PK,Pakistan,23829,Pakistan Air Quality Initiative (PAQI پاکی),440,Hawanama,FALSE,Non-reference / air sensor,FALSE,34.055977,71.564628,1;17,N/A; AirVisual,1,14782773,https://explore.openaq.org/locations/6135432,Asia,Pakistan,PK
6135434,Khakwani colony near Darbar Mahel,,Asia/Karachi,109,PK,Pakistan,23829,Pakistan Air Quality Initiative (PAQI پاکی),440,Hawanama,FALSE,Non-reference / air sensor,FALSE,29.3989,71.69837,1;17,N/A; AirVisual,1,14686622,https://explore.openaq.org/locations/6135434,Asia,Pakistan,PK
6135438,EPA OFFICE,,Asia/Karachi,109,PK,Pakistan,23829,Pakistan Air Quality Initiative (PAQI پاکی),440,Hawanama,FALSE,Non-reference / air sensor,FALSE,30.217964,66.977745,1;17,N/A; AirVisual,1,14696251,https://explore.openaq.org/locations/6135438,Asia,Pakistan,PK
6135439,HANDS Head-office,,Asia/Karachi,109,PK,Pakistan,23829,Pakistan Air Quality Initiative (PAQI پاکی),440,Hawanama,FALSE,Non-reference / air sensor,FALSE,24.989,67.2134,1;17,N/A; AirVisual,1,14780985,https://explore.openaq.org/locations/6135439,Asia,Pakistan,PK
6135441,"Device 1, Suraj Gali",,Asia/Karachi,109,PK,Pakistan,23829,Pakistan Air Quality Initiative (PAQI پاکی),440,Hawanama,FALSE,Non-reference / air sensor,FALSE,33.8423573077412,72.9188102502375,1;17,N/A; AirVisual,1,14683997,https://explore.openaq.org/locations/6135441,Asia,Pakistan,PK
6135442,Urban Unit Karachi,,Asia/Karachi,109,PK,Pakistan,23829,Pakistan Air Quality Initiative (PAQI پاکی),440,Hawanama,FALSE,Non-reference / air sensor,FALSE,24.86414,67.07087,1;17,N/A; AirVisual,1,14686623,https://explore.openaq.org/locations/6135442,Asia,Pakistan,PK
6135443,Engr Muzaffar Sir,,Asia/Karachi,109,PK,Pakistan,23829,Pakistan Air Quality Initiative (PAQI پاکی),440,Hawanama,FALSE,Non-reference / air sensor,FALSE,24.939636,67.180983,1;17,N/A; AirVisual,1,14721548,https://explore.openaq.org/locations/6135443,Asia,Pakistan,PK
6135444,Industries and Commerce,,Asia/Karachi,109,PK,Pakistan,23829,Pakistan Air Quality Initiative (PAQI پاکی),440,Hawanama,FALSE,Non-reference / air sensor,FALSE,30.177112,66.925531,1;17,N/A; AirVisual,1,14673710,https://explore.openaq.org/locations/6135444,Asia,Pakistan,PK
6135445,"UC office, khushal colony",,Asia/Karachi,109,PK,Pakistan,23829,Pakistan Air Quality Initiative (PAQI پاکی),440,Hawanama,FALSE,Non-reference / air sensor,FALSE,30.20817,71.49625,1;17,N/A; AirVisual,1,14697986,https://explore.openaq.org/locations/6135445,Asia,Pakistan,PK
6135446,University Of Sialkot,,Asia/Karachi,109,PK,Pakistan,23829,Pakistan Air Quality Initiative (PAQI پاکی),440,Hawanama,FALSE,Non-reference / air sensor,FALSE,32.46479,74.514128,1;17,N/A; AirVisual,1,14795550,https://explore.openaq.org/locations/6135446,Asia,Pakistan,PK
6135447,IAS Grw,,Asia/Karachi,109,PK,Pakistan,23829,Pakistan Air Quality Initiative (PAQI پاکی),440,Hawanama,FALSE,Non-reference / air sensor,FALSE,32.101596,74.202594,1;17,N/A; AirVisual,1,14756434,https://explore.openaq.org/locations/6135447,Asia,Pakistan,PK
6135449,TDF MagnifiScience Centre,,Asia/Karachi,109,PK,Pakistan,23829,Pakistan Air Quality Initiative (PAQI پاکی),440,Hawanama,FALSE,Non-reference / air sensor,FALSE,24.8465653482198,67.0029981,1;17,N/A; AirVisual,1,15904590,https://explore.openaq.org/locations/6135449,Asia,Pakistan,PK
6135452,Gift University,,Asia/Karachi,109,PK,Pakistan,23829,Pakistan Air Quality Initiative (PAQI پاکی),440,Hawanama,FALSE,Non-reference / air sensor,FALSE,32.205813,74.192655,1;17,N/A; AirVisual,1,14744852,https://explore.openaq.org/locations/6135452,Asia,Pakistan,PK
6135455,Ugoki Union Council,,Asia/Karachi,109,PK,Pakistan,23829,Pakistan Air Quality Initiative (PAQI پاکی),440,Hawanama,FALSE,Non-reference / air sensor,FALSE,32.480061,74.451296,1;17,N/A; AirVisual,1,14795551,https://explore.openaq.org/locations/6135455,Asia,Pakistan,PK
6135456,Riphah International University,,Asia/Karachi,109,PK,Pakistan,23829,Pakistan Air Quality Initiative (PAQI پاکی),440,Hawanama,FALSE,Non-reference / air sensor,FALSE,31.38127,73.12783,1;17,N/A; AirVisual,1,14719907,https://explore.openaq.org/locations/6135456,Asia,Pakistan,PK
6135457,GENERATION Pvt ltd,,Asia/Karachi,109,PK,Pakistan,23829,Pakistan Air Quality Initiative (PAQI پاکی),440,Hawanama,FALSE,Non-reference / air sensor,FALSE,31.4081,74.3584,1;17,N/A; AirVisual,1,14675087,https://explore.openaq.org/locations/6135457,Asia,Pakistan,PK
6135458,Valancia Town Lahore,,Asia/Karachi,109,PK,Pakistan,23829,Pakistan Air Quality Initiative (PAQI پاکی),440,Hawanama,FALSE,Non-reference / air sensor,FALSE,31.4096,74.2617,1;17,N/A; AirVisual,1,14723649,https://explore.openaq.org/locations/6135458,Asia,Pakistan,PK
6135460,Social Walfare Sialkot,,Asia/Karachi,109,PK,Pakistan,23829,Pakistan Air Quality Initiative (PAQI پاکی),440,Hawanama,FALSE,Non-reference / air sensor,FALSE,32.49374,74.5322,1;17,N/A; AirVisual,1,14673711,https://explore.openaq.org/locations/6135460,Asia,Pakistan,PK
6135461,BBUSTECH - Air Quality Monitoring Station,,Asia/Karachi,109,PK,Pakistan,23829,Pakistan Air Quality Initiative (PAQI پاکی),440,Hawanama,FALSE,Non-reference / air sensor,FALSE,27.52948,68.75915,1;17,N/A; AirVisual,1,14675088,https://explore.openaq.org/locations/6135461,Asia,Pakistan,PK
6135462,University of Balochistan,,Asia/Karachi,109,PK,Pakistan,23829,Pakistan Air Quality Initiative (PAQI پاکی),440,Hawanama,FALSE,Non-reference / air sensor,FALSE,30.162079,66.989772,1;17,N/A; AirVisual,1,14686624,https://explore.openaq.org/locations/6135462,Asia,Pakistan,PK
6135463,DG House DHA 5,,Asia/Karachi,109,PK,Pakistan,23829,Pakistan Air Quality Initiative (PAQI پاکی),440,Hawanama,FALSE,Non-reference / air sensor,FALSE,24.795611,67.04812,1;17,N/A; AirVisual,1,14719908,https://explore.openaq.org/locations/6135463,Asia,Pakistan,PK
6135465,Wwf,,Asia/Karachi,109,PK,Pakistan,23829,Pakistan Air Quality Initiative (PAQI پاکی),440,Hawanama,FALSE,Non-reference / air sensor,FALSE,31.443132,73.128151,1;17,N/A; AirVisual,1,14673712,https://explore.openaq.org/locations/6135465,Asia,Pakistan,PK
6135466,"The Bank of Punjab, Head Office, BOP Tower, Gulberg III.",,Asia/Karachi,109,PK,Pakistan,23829,Pakistan Air Quality Initiative (PAQI پاکی),440,Hawanama,FALSE,Non-reference / air sensor,FALSE,31.508051,74.337544,1;17,N/A; AirVisual,1,14686625,https://explore.openaq.org/locations/6135466,Asia,Pakistan,PK
6135469,Divisional Forest office Kotli Araian,,Asia/Karachi,109,PK,Pakistan,23829,Pakistan Air Quality Initiative (PAQI پاکی),440,Hawanama,FALSE,Non-reference / air sensor,FALSE,32.59938,74.479594,1;17,N/A; AirVisual,1,14686626,https://explore.openaq.org/locations/6135469,Asia,Pakistan,PK
6135470,NASTP,,Asia/Karachi,109,PK,Pakistan,23829,Pakistan Air Quality Initiative (PAQI پاکی),440,Hawanama,FALSE,Non-reference / air sensor,FALSE,33.607923,73.097489,1;17,N/A; AirVisual,1,14680875,https://explore.openaq.org/locations/6135470,Asia,Pakistan,PK
6135471,Ac Office Daska,,Asia/Karachi,109,PK,Pakistan,23829,Pakistan Air Quality Initiative (PAQI پاکی),440,Hawanama,FALSE,Non-reference / air sensor,FALSE,32.331763,74.350492,1;17,N/A; AirVisual,1,14686627,https://explore.openaq.org/locations/6135471,Asia,Pakistan,PK
6135472,Climate Action Center,,Asia/Karachi,109,PK,Pakistan,23829,Pakistan Air Quality Initiative (PAQI پاکی),440,Hawanama,FALSE,Non-reference / air sensor,FALSE,24.86377,67.056642,1;17,N/A; AirVisual,1,14721008,https://explore.openaq.org/locations/6135472,Asia,Pakistan,PK
6135473,"BAM,  Civil Secretariat",,Asia/Karachi,109,PK,Pakistan,23829,Pakistan Air Quality Initiative (PAQI پاکی),440,Hawanama,FALSE,Non-reference / air sensor,FALSE,31.565942,74.299363,1;17,N/A; AirVisual,1,14686628,https://explore.openaq.org/locations/6135473,Asia,Pakistan,PK
6135474,PHA Head Office,,Asia/Karachi,109,PK,Pakistan,23829,Pakistan Air Quality Initiative (PAQI پاکی),440,Hawanama,FALSE,Non-reference / air sensor,FALSE,33.605519,73.061144,1;17,N/A; AirVisual,1,14686629,https://explore.openaq.org/locations/6135474,Asia,Pakistan,PK
6135476,"AC OFFICE NISHTAR, GAJUMATA",,Asia/Karachi,109,PK,Pakistan,23829,Pakistan Air Quality Initiative (PAQI پاکی),440,Hawanama,FALSE,Non-reference / air sensor,FALSE,31.377378,74.350574,1;17,N/A; AirVisual,1,14686630,https://explore.openaq.org/locations/6135476,Asia,Pakistan,PK
6135477,Muhammad Nawaz Sharif University of  Agriculture,,Asia/Karachi,109,PK,Pakistan,23829,Pakistan Air Quality Initiative (PAQI پاکی),440,Hawanama,FALSE,Non-reference / air sensor,FALSE,30.1477,71.44326,1;17,N/A; AirVisual,1,14673713,https://explore.openaq.org/locations/6135477,Asia,Pakistan,PK
6135480,Commissioner Office,,Asia/Karachi,109,PK,Pakistan,23829,Pakistan Air Quality Initiative (PAQI پاکی),440,Hawanama,FALSE,Non-reference / air sensor,FALSE,29.39228,71.69131,1;17,N/A; AirVisual,1,14677803,https://explore.openaq.org/locations/6135480,Asia,Pakistan,PK
6135484,DD office of Forest Department,,Asia/Karachi,109,PK,Pakistan,23829,Pakistan Air Quality Initiative (PAQI پاکی),440,Hawanama,FALSE,Non-reference / air sensor,FALSE,29.40517,71.67999,1;17,N/A; AirVisual,1,14767646,https://explore.openaq.org/locations/6135484,Asia,Pakistan,PK
6135487,"House#E/21 B,Khayaban Ali Housing scheme",,Asia/Karachi,109,PK,Pakistan,23829,Pakistan Air Quality Initiative (PAQI پاکی),440,Hawanama,FALSE,Non-reference / air sensor,FALSE,29.35128,71.69255,1;17,N/A; AirVisual,1,14673714,https://explore.openaq.org/locations/6135487,Asia,Pakistan,PK
6135489,Mahar Street Feroze Wattwan,,Asia/Karachi,109,PK,Pakistan,23829,Pakistan Air Quality Initiative (PAQI پاکی),440,Hawanama,FALSE,Non-reference / air sensor,FALSE,31.5891,73.8118,1;17,N/A; AirVisual,1,14696761,https://explore.openaq.org/locations/6135489,Asia,Pakistan,PK
6135491,Public health engineering department,,Asia/Karachi,109,PK,Pakistan,23829,Pakistan Air Quality Initiative (PAQI پاکی),440,Hawanama,FALSE,Non-reference / air sensor,FALSE,29.38715,71.68701,1;17,N/A; AirVisual,1,14677804,https://explore.openaq.org/locations/6135491,Asia,Pakistan,PK
6135492,WWF-04 IQ Air,,Asia/Karachi,109,PK,Pakistan,23829,Pakistan Air Quality Initiative (PAQI پاکی),440,Hawanama,FALSE,Non-reference / air sensor,FALSE,31.495615,73.07382,1;17,N/A; AirVisual,1,14673715,https://explore.openaq.org/locations/6135492,Asia,Pakistan,PK
6135493,Samanabad,,Asia/Karachi,109,PK,Pakistan,23829,Pakistan Air Quality Initiative (PAQI پاکی),440,Hawanama,FALSE,Non-reference / air sensor,FALSE,31.541983,74.298065,1;17,N/A; AirVisual,1,14686631,https://explore.openaq.org/locations/6135493,Asia,Pakistan,PK
6135494,WWF-Pakistan Nathiagali,,Asia/Karachi,109,PK,Pakistan,23829,Pakistan Air Quality Initiative (PAQI پاکی),440,Hawanama,FALSE,Non-reference / air sensor,FALSE,34.0233,73.2595,1;17,N/A; AirVisual,1,14696252,https://explore.openaq.org/locations/6135494,Asia,Pakistan,PK
6135495,Sheikh Khalifa Bin Zayyad hospital,,Asia/Karachi,109,PK,Pakistan,23829,Pakistan Air Quality Initiative (PAQI پاکی),440,Hawanama,FALSE,Non-reference / air sensor,FALSE,30.082855,66.96167,1;17,N/A; AirVisual,1,14677805,https://explore.openaq.org/locations/6135495,Asia,Pakistan,PK
6135496,SOS Johar Town LHR,,Asia/Karachi,109,PK,Pakistan,23829,Pakistan Air Quality Initiative (PAQI پاکی),440,Hawanama,FALSE,Non-reference / air sensor,FALSE,31.4544,74.2825,1;17,N/A; AirVisual,1,14806380,https://explore.openaq.org/locations/6135496,Asia,Pakistan,PK
6135498,Main Bazar Skardu,,Asia/Karachi,109,PK,Pakistan,23829,Pakistan Air Quality Initiative (PAQI پاکی),440,Hawanama,FALSE,Non-reference / air sensor,FALSE,35.2973,75.6392,1;17,N/A; AirVisual,1,14675089,https://explore.openaq.org/locations/6135498,Asia,Pakistan,PK
6135499,IMSciences Institute Peshwar,,Asia/Karachi,109,PK,Pakistan,23829,Pakistan Air Quality Initiative (PAQI پاکی),440,Hawanama,FALSE,Non-reference / air sensor,FALSE,33.958186,71.334351,1;17,N/A; AirVisual,1,14686632,https://explore.openaq.org/locations/6135499,Asia,Pakistan,PK
6135501,WWF-03 IQ Air,,Asia/Karachi,109,PK,Pakistan,23829,Pakistan Air Quality Initiative (PAQI پاکی),440,Hawanama,FALSE,Non-reference / air sensor,FALSE,31.40259,73.084855,1;17,N/A; AirVisual,1,14673716,https://explore.openaq.org/locations/6135501,Asia,Pakistan,PK
6135505,Asif Gulistan-e-Johar,,Asia/Karachi,109,PK,Pakistan,23829,Pakistan Air Quality Initiative (PAQI پاکی),440,Hawanama,FALSE,Non-reference / air sensor,FALSE,24.916229,67.131546,1;17,N/A; AirVisual,1,14686633,https://explore.openaq.org/locations/6135505,Asia,Pakistan,PK
6135506,Small industrial development board(SIDB),,Asia/Karachi,109,PK,Pakistan,23829,Pakistan Air Quality Initiative (PAQI پاکی),440,Hawanama,FALSE,Non-reference / air sensor,FALSE,33.98179,71.556756,1;17,N/A; AirVisual,1,14686634,https://explore.openaq.org/locations/6135506,Asia,Pakistan,PK
6135507,"Model Town, CD Ground",,Asia/Karachi,109,PK,Pakistan,23829,Pakistan Air Quality Initiative (PAQI پاکی),440,Hawanama,FALSE,Non-reference / air sensor,FALSE,31.491676,74.313288,1;17,N/A; AirVisual,1,14686635,https://explore.openaq.org/locations/6135507,Asia,Pakistan,PK
6135509,Institute of Public Health,,Asia/Karachi,109,PK,Pakistan,23829,Pakistan Air Quality Initiative (PAQI پاکی),440,Hawanama,FALSE,Non-reference / air sensor,FALSE,30.193314,66.955154,1;17,N/A; AirVisual,1,14673717,https://explore.openaq.org/locations/6135509,Asia,Pakistan,PK
6135510,Punjab Food Authority,,Asia/Karachi,109,PK,Pakistan,23829,Pakistan Air Quality Initiative (PAQI پاکی),440,Hawanama,FALSE,Non-reference / air sensor,FALSE,33.630457,73.072969,1;17,N/A; AirVisual,1,14686636,https://explore.openaq.org/locations/6135510,Asia,Pakistan,PK
6135511,University of Education,,Asia/Karachi,109,PK,Pakistan,23829,Pakistan Air Quality Initiative (PAQI پاکی),440,Hawanama,FALSE,Non-reference / air sensor,FALSE,31.39636,73.06871,1;17,N/A; AirVisual,1,14738103,https://explore.openaq.org/locations/6135511,Asia,Pakistan,PK
6135512,Jehlum A,,Asia/Karachi,109,PK,Pakistan,23829,Pakistan Air Quality Initiative (PAQI پاکی),440,Hawanama,FALSE,Non-reference / air sensor,FALSE,32.9691,73.6913,1;17,N/A; AirVisual,1,14677806,https://explore.openaq.org/locations/6135512,Asia,Pakistan,PK
6135513,Allama iqbal hospital,,Asia/Karachi,109,PK,Pakistan,23829,Pakistan Air Quality Initiative (PAQI پاکی),440,Hawanama,FALSE,Non-reference / air sensor,FALSE,32.503689,74.547365,1;17,N/A; AirVisual,1,14711055,https://explore.openaq.org/locations/6135513,Asia,Pakistan,PK
6135514,Fair Finance Pakistan Islamabad,,Asia/Karachi,109,PK,Pakistan,23829,Pakistan Air Quality Initiative (PAQI پاکی),440,Hawanama,FALSE,Non-reference / air sensor,FALSE,33.6347,73.0169,1;17,N/A; AirVisual,1,14673718,https://explore.openaq.org/locations/6135514,Asia,Pakistan,PK
6135515,"Naqash febrics, Melaad Chock",,Asia/Karachi,109,PK,Pakistan,23829,Pakistan Air Quality Initiative (PAQI پاکی),440,Hawanama,FALSE,Non-reference / air sensor,FALSE,29.39316,71.66888,1;17,N/A; AirVisual,1,14719909,https://explore.openaq.org/locations/6135515,Asia,Pakistan,PK
6135520,Agha Khan University,,Asia/Karachi,109,PK,Pakistan,23829,Pakistan Air Quality Initiative (PAQI پاکی),440,Hawanama,FALSE,Non-reference / air sensor,FALSE,24.892054,67.070938,1;17,N/A; AirVisual,1,14686637,https://explore.openaq.org/locations/6135520,Asia,Pakistan,PK
6135521,Agriculture  Office Emnabad Road,,Asia/Karachi,109,PK,Pakistan,23829,Pakistan Air Quality Initiative (PAQI پاکی),440,Hawanama,FALSE,Non-reference / air sensor,FALSE,32.465555,74.523957,1;17,N/A; AirVisual,1,14727422,https://explore.openaq.org/locations/6135521,Asia,Pakistan,PK
6135522,Walled cities Authority office,,Asia/Karachi,109,PK,Pakistan,23829,Pakistan Air Quality Initiative (PAQI پاکی),440,Hawanama,FALSE,Non-reference / air sensor,FALSE,30.19881,71.46818,1;17,N/A; AirVisual,1,14796851,https://explore.openaq.org/locations/6135522,Asia,Pakistan,PK
6135523,WWF,,Asia/Karachi,109,PK,Pakistan,23829,Pakistan Air Quality Initiative (PAQI پاکی),440,Hawanama,FALSE,Non-reference / air sensor,FALSE,32.459882,74.513085,1;17,N/A; AirVisual,1,14686638,https://explore.openaq.org/locations/6135523,Asia,Pakistan,PK
6135528,"Abdullah Khokhar, House Johar Town",,Asia/Karachi,109,PK,Pakistan,23829,Pakistan Air Quality Initiative (PAQI پاکی),440,Hawanama,FALSE,Non-reference / air sensor,FALSE,31.460056,74.280672,1;17,N/A; AirVisual,1,14686639,https://explore.openaq.org/locations/6135528,Asia,Pakistan,PK
6135529,WASA 2 (Sufaid tanki),,Asia/Karachi,109,PK,Pakistan,23829,Pakistan Air Quality Initiative (PAQI پاکی),440,Hawanama,FALSE,Non-reference / air sensor,FALSE,33.638625,73.069351,1;17,N/A; AirVisual,1,14719910,https://explore.openaq.org/locations/6135529,Asia,Pakistan,PK
6135530,WWF-06 PU EpicAir,,Asia/Karachi,109,PK,Pakistan,23829,Pakistan Air Quality Initiative (PAQI پاکی),440,Hawanama,FALSE,Non-reference / air sensor,FALSE,31.49714,73.271212,1;17,N/A; AirVisual,1,14815358,https://explore.openaq.org/locations/6135530,Asia,Pakistan,PK
6135533,University of Management and Technology,,Asia/Karachi,109,PK,Pakistan,23829,Pakistan Air Quality Initiative (PAQI پاکی),440,Hawanama,FALSE,Non-reference / air sensor,FALSE,31.4515,74.2943,1;17,N/A; AirVisual,1,14828965,https://explore.openaq.org/locations/6135533,Asia,Pakistan,PK
6135973,"Divisional Public School and College, DG Khan",,Asia/Karachi,109,PK,Pakistan,16818,The Urban Unit,66,AirGradient,FALSE,Non-reference / air sensor,FALSE,30.04191,70.628684,24,AirGradient Open Air Generation 1 (O-1PST),1,14675912,https://explore.openaq.org/locations/6135973,Asia,Pakistan,PK
6137022,"Government Boys Colony School, Rahim Yar Khan",,Asia/Karachi,109,PK,Pakistan,16818,The Urban Unit,66,AirGradient,FALSE,Non-reference / air sensor,FALSE,28.424176,70.309843,24,AirGradient Open Air Generation 1 (O-1PST),1,14682940,https://explore.openaq.org/locations/6137022,Asia,Pakistan,PK
6137242,"Deputy Commissioner Office, Murree",,Asia/Karachi,109,PK,Pakistan,16818,The Urban Unit,66,AirGradient,FALSE,Non-reference / air sensor,FALSE,33.904535,73.402124,7,Unknown AirGradient Sensor,1,14685086,https://explore.openaq.org/locations/6137242,Asia,Pakistan,PK
6138137,"WWF, Sukkur",,Asia/Karachi,109,PK,Pakistan,16818,The Urban Unit,66,AirGradient,FALSE,Non-reference / air sensor,FALSE,27.712317,68.831238,24,AirGradient Open Air Generation 1 (O-1PST),1,14690927,https://explore.openaq.org/locations/6138137,Asia,Pakistan,PK
6138140,"Govt Boys High School, Narowal",,Asia/Karachi,109,PK,Pakistan,16818,The Urban Unit,66,AirGradient,FALSE,Non-reference / air sensor,FALSE,32.09323,74.871654,24,AirGradient Open Air Generation 1 (O-1PST),1,14690933,https://explore.openaq.org/locations/6138140,Asia,Pakistan,PK
6138207,"Govt Boys High School, Zafarwal",,Asia/Karachi,109,PK,Pakistan,16818,The Urban Unit,66,AirGradient,FALSE,Non-reference / air sensor,FALSE,32.342419,74.90578,24,AirGradient Open Air Generation 1 (O-1PST),1,14691425,https://explore.openaq.org/locations/6138207,Asia,Pakistan,PK
6138366,"Aga hadi chowk, near uswa boys school skardu",,Asia/Karachi,109,PK,Pakistan,16818,The Urban Unit,66,AirGradient,FALSE,Non-reference / air sensor,FALSE,35.291855,75.645653,24,AirGradient Open Air Generation 1 (O-1PST),1,14692617,https://explore.openaq.org/locations/6138366,Asia,Pakistan,PK
6142023,"Deputy Commissioner Office, Gwadar",,Asia/Karachi,109,PK,Pakistan,16818,The Urban Unit,66,AirGradient,FALSE,Non-reference / air sensor,FALSE,25.160855,62.315682,24,AirGradient Open Air Generation 1 (O-1PST),1,14719357,https://explore.openaq.org/locations/6142023,Asia,Pakistan,PK
6149617,"DG Health adjacent Govt Girls High School Narrul, Muzaffarbad",,Asia/Karachi,109,PK,Pakistan,16818,The Urban Unit,66,AirGradient,FALSE,Non-reference / air sensor,FALSE,34.3542784649024,73.4764002576754,7,Unknown AirGradient Sensor,1,14802734,https://explore.openaq.org/locations/6149617,Asia,Pakistan,PK
6150964,DHA Bahawalpur,,Asia/Karachi,109,PK,Pakistan,12,AirGradient,66,AirGradient,FALSE,Non-reference / air sensor,FALSE,29.3197913,71.6824413,24,AirGradient Open Air Generation 1 (O-1PST),1,14789220,https://explore.openaq.org/locations/6150964,Asia,Pakistan,PK
6159775,"Deputy Commissioner Office, Loralai",,Asia/Karachi,109,PK,Pakistan,16818,The Urban Unit,66,AirGradient,FALSE,Non-reference / air sensor,FALSE,30.7815044279852,68.6593058122428,7,Unknown AirGradient Sensor,1,14852954,https://explore.openaq.org/locations/6159775,Asia,Pakistan,PK
6236626,Bahria Town ,,Asia/Karachi,109,PK,Pakistan,16818,The Urban Unit,66,AirGradient,FALSE,Non-reference / air sensor,FALSE,31.378524,74.183937,7,Unknown AirGradient Sensor,1,15420347,https://explore.openaq.org/locations/6236626,Asia,Pakistan,PK
6318813,Upper Mall Road LHR,,Asia/Karachi,109,PK,Pakistan,1,OpenAQ admin,440,Hawanama,FALSE,Non-reference / air sensor,FALSE,31.5418,74.3541,1,N/A,1,16034745,https://explore.openaq.org/locations/6318813,Asia,Pakistan,PK
6318814,Jhelum B,,Asia/Karachi,109,PK,Pakistan,1,OpenAQ admin,440,Hawanama,FALSE,Non-reference / air sensor,FALSE,32.9691,73.6913,1,N/A,1,16034746,https://explore.openaq.org/locations/6318814,Asia,Pakistan,PK
6318815,Kot Adu PARCO B,,Asia/Karachi,109,PK,Pakistan,1,OpenAQ admin,440,Hawanama,FALSE,Non-reference / air sensor,FALSE,30.1717,70.9502,1,N/A,1,16034747,https://explore.openaq.org/locations/6318815,Asia,Pakistan,PK
6318816,Burki Rd Paragon B LHE,,Asia/Karachi,109,PK,Pakistan,1,OpenAQ admin,440,Hawanama,FALSE,Non-reference / air sensor,FALSE,31.5332,74.4504,1,N/A,1,16034748,https://explore.openaq.org/locations/6318816,Asia,Pakistan,PK
6318817,DHA Phase 6 B LHE,,Asia/Karachi,109,PK,Pakistan,1,OpenAQ admin,440,Hawanama,FALSE,Non-reference / air sensor,FALSE,31.4698,74.4471,1,N/A,1,16034749,https://explore.openaq.org/locations/6318817,Asia,Pakistan,PK
6318818,Bahawalpur Sadiq Colony B,,Asia/Karachi,109,PK,Pakistan,1,OpenAQ admin,440,Hawanama,FALSE,Non-reference / air sensor,FALSE,29.3855,71.6684,1,N/A,1,16034750,https://explore.openaq.org/locations/6318818,Asia,Pakistan,PK
6318819,Faisalabad People’s Colony B,,Asia/Karachi,109,PK,Pakistan,1,OpenAQ admin,440,Hawanama,FALSE,Non-reference / air sensor,FALSE,31.4109,73.1039,1,N/A,1,16034751,https://explore.openaq.org/locations/6318819,Asia,Pakistan,PK
6318820,Gujrat GT Road B,,Asia/Karachi,109,PK,Pakistan,1,OpenAQ admin,440,Hawanama,FALSE,Non-reference / air sensor,FALSE,32.5149,74.0946,1,N/A,1,16034752,https://explore.openaq.org/locations/6318820,Asia,Pakistan,PK
6318821,Arifwala B,,Asia/Karachi,109,PK,Pakistan,1,OpenAQ admin,440,Hawanama,FALSE,Non-reference / air sensor,FALSE,30.2582,73.0581,1,N/A,1,16034753,https://explore.openaq.org/locations/6318821,Asia,Pakistan,PK
6318822,Multan Northern Bypass B,,Asia/Karachi,109,PK,Pakistan,1,OpenAQ admin,440,Hawanama,FALSE,Non-reference / air sensor,FALSE,30.2426,71.534,1,N/A,1,16034754,https://explore.openaq.org/locations/6318822,Asia,Pakistan,PK
6318823,Faisalabad Gatwala Canal Rd A,,Asia/Karachi,109,PK,Pakistan,1,OpenAQ admin,440,Hawanama,FALSE,Non-reference / air sensor,FALSE,31.4624,73.1797,1,N/A,1,16034755,https://explore.openaq.org/locations/6318823,Asia,Pakistan,PK
6318824,HHS IMC Jamshed Campus,,Asia/Karachi,109,PK,Pakistan,1,OpenAQ admin,440,Hawanama,FALSE,Non-reference / air sensor,FALSE,24.8809,67.0466,1,N/A,1,16034756,https://explore.openaq.org/locations/6318824,Asia,Pakistan,PK
6318825,Sargodha Defence View Society A,,Asia/Karachi,109,PK,Pakistan,1,OpenAQ admin,440,Hawanama,FALSE,Non-reference / air sensor,FALSE,32.033,72.6979,1,N/A,1,16034757,https://explore.openaq.org/locations/6318825,Asia,Pakistan,PK
6318826,Model Town Link Rd B LHE,,Asia/Karachi,109,PK,Pakistan,1,OpenAQ admin,440,Hawanama,FALSE,Non-reference / air sensor,FALSE,31.4638,74.3154,1,N/A,1,16034758,https://explore.openaq.org/locations/6318826,Asia,Pakistan,PK
6318827,Dera Ghazi Khan Civil Lines B,,Asia/Karachi,109,PK,Pakistan,1,OpenAQ admin,440,Hawanama,FALSE,Non-reference / air sensor,FALSE,30.0411,70.6244,1,N/A,1,16034759,https://explore.openaq.org/locations/6318827,Asia,Pakistan,PK
6318828,TIP City Office - LIH,,Asia/Karachi,109,PK,Pakistan,1,OpenAQ admin,440,Hawanama,FALSE,Non-reference / air sensor,FALSE,24.8180953936314,67.0529414713383,1,N/A,1,16034760,https://explore.openaq.org/locations/6318828,Asia,Pakistan,PK
6318829,Kasur B,,Asia/Karachi,109,PK,Pakistan,1,OpenAQ admin,440,Hawanama,FALSE,Non-reference / air sensor,FALSE,31.1216,74.472,1,N/A,1,16034761,https://explore.openaq.org/locations/6318829,Asia,Pakistan,PK
6318830,Burewala Nehar Bunglow Rd B,,Asia/Karachi,109,PK,Pakistan,1,OpenAQ admin,440,Hawanama,FALSE,Non-reference / air sensor,FALSE,30.1751,72.6966,1,N/A,1,16034762,https://explore.openaq.org/locations/6318830,Asia,Pakistan,PK
6318831,Sahiwal Arra Tulla Rd B,,Asia/Karachi,109,PK,Pakistan,1,OpenAQ admin,440,Hawanama,FALSE,Non-reference / air sensor,FALSE,30.6846,73.086,1,N/A,1,16034763,https://explore.openaq.org/locations/6318831,Asia,Pakistan,PK
6318832,Rahim Yar Khan Canal Rd B,,Asia/Karachi,109,PK,Pakistan,1,OpenAQ admin,440,Hawanama,FALSE,Non-reference / air sensor,FALSE,28.4129,70.3317,1,N/A,1,16034764,https://explore.openaq.org/locations/6318832,Asia,Pakistan,PK
6318833,HHS Clifton,,Asia/Karachi,109,PK,Pakistan,1,OpenAQ admin,440,Hawanama,FALSE,Non-reference / air sensor,FALSE,24.8157,67.0058,1,N/A,1,16034765,https://explore.openaq.org/locations/6318833,Asia,Pakistan,PK
6318834,Kot Adu KAPCO B,,Asia/Karachi,109,PK,Pakistan,1,OpenAQ admin,440,Hawanama,FALSE,Non-reference / air sensor,FALSE,30.4412,70.9791,1,N/A,1,16034766,https://explore.openaq.org/locations/6318834,Asia,Pakistan,PK
6318835,Sialkot A,,Asia/Karachi,109,PK,Pakistan,1,OpenAQ admin,440,Hawanama,FALSE,Non-reference / air sensor,FALSE,32.548,74.422,1,N/A,1,16034767,https://explore.openaq.org/locations/6318835,Asia,Pakistan,PK
6318836,Dera Ghazi Khan Jampur Rd B,,Asia/Karachi,109,PK,Pakistan,1,OpenAQ admin,440,Hawanama,FALSE,Non-reference / air sensor,FALSE,30.0177,70.6434,1,N/A,1,16034768,https://explore.openaq.org/locations/6318836,Asia,Pakistan,PK
6318837,Bahawalpur B,,Asia/Karachi,109,PK,Pakistan,1,OpenAQ admin,440,Hawanama,FALSE,Non-reference / air sensor,FALSE,29.3592,71.6952,1,N/A,1,16034769,https://explore.openaq.org/locations/6318837,Asia,Pakistan,PK
6318838,PTC Jhelum GT Rd,,Asia/Karachi,109,PK,Pakistan,1,OpenAQ admin,440,Hawanama,FALSE,Non-reference / air sensor,FALSE,32.98,73.6858,1,N/A,1,16034770,https://explore.openaq.org/locations/6318838,Asia,Pakistan,PK
6318839,Muzaffarabad Eid Gah Rd Makri A,,Asia/Karachi,109,PK,Pakistan,1,OpenAQ admin,440,Hawanama,FALSE,Non-reference / air sensor,FALSE,34.3835,73.4767,1,N/A,1,16034771,https://explore.openaq.org/locations/6318839,Asia,Pakistan,PK
6318840,Sialkot Cantt B,,Asia/Karachi,109,PK,Pakistan,1,OpenAQ admin,440,Hawanama,FALSE,Non-reference / air sensor,FALSE,32.5126,74.5587,1,N/A,1,16034772,https://explore.openaq.org/locations/6318840,Asia,Pakistan,PK
6318841,Okara Canal View B,,Asia/Karachi,109,PK,Pakistan,1,OpenAQ admin,440,Hawanama,FALSE,Non-reference / air sensor,FALSE,30.8267,73.4366,1,N/A,1,16034773,https://explore.openaq.org/locations/6318841,Asia,Pakistan,PK
6318842,Muslim Town LHE B,,Asia/Karachi,109,PK,Pakistan,1,OpenAQ admin,440,Hawanama,FALSE,Non-reference / air sensor,FALSE,31.5123,74.3074,1,N/A,1,16034774,https://explore.openaq.org/locations/6318842,Asia,Pakistan,PK
6318843,Gujranwala Cantt B,,Asia/Karachi,109,PK,Pakistan,1,OpenAQ admin,440,Hawanama,FALSE,Non-reference / air sensor,FALSE,32.2451,74.1572,1,N/A,1,16034775,https://explore.openaq.org/locations/6318843,Asia,Pakistan,PK
6318844,Multan Industrial Estate A,,Asia/Karachi,109,PK,Pakistan,1,OpenAQ admin,440,Hawanama,FALSE,Non-reference / air sensor,FALSE,30.1351,71.3995,1,N/A,1,16034776,https://explore.openaq.org/locations/6318844,Asia,Pakistan,PK
6318845,Kharian Cantt B (GT Rd),,Asia/Karachi,109,PK,Pakistan,1,OpenAQ admin,440,Hawanama,FALSE,Non-reference / air sensor,FALSE,32.7696,73.8976,1,N/A,1,16034777,https://explore.openaq.org/locations/6318845,Asia,Pakistan,PK
6318846,Gujrat Model Town B,,Asia/Karachi,109,PK,Pakistan,1,OpenAQ admin,440,Hawanama,FALSE,Non-reference / air sensor,FALSE,32.6174,74.0784,1,N/A,1,16034778,https://explore.openaq.org/locations/6318846,Asia,Pakistan,PK
6318847,Khanewal B,,Asia/Karachi,109,PK,Pakistan,1,OpenAQ admin,440,Hawanama,FALSE,Non-reference / air sensor,FALSE,30.3119,71.9493,1,N/A,1,16034779,https://explore.openaq.org/locations/6318847,Asia,Pakistan,PK
6318848,Rawalakot A,,Asia/Karachi,109,PK,Pakistan,1,OpenAQ admin,440,Hawanama,FALSE,Non-reference / air sensor,FALSE,33.857,73.7874,1,N/A,1,16034780,https://explore.openaq.org/locations/6318848,Asia,Pakistan,PK
6318849,HHS Tariq Road karachi,,Asia/Karachi,109,PK,Pakistan,1,OpenAQ admin,440,Hawanama,FALSE,Non-reference / air sensor,FALSE,24.8686,67.0596,1,N/A,1,16034781,https://explore.openaq.org/locations/6318849,Asia,Pakistan,PK
6318850,Faisalabad Raza Garden B,,Asia/Karachi,109,PK,Pakistan,1,OpenAQ admin,440,Hawanama,FALSE,Non-reference / air sensor,FALSE,31.4539,73.1599,1,N/A,1,16034782,https://explore.openaq.org/locations/6318850,Asia,Pakistan,PK
6346768,TCS Joharabad,,Asia/Karachi,109,PK,Pakistan,1,OpenAQ admin,440,Hawanama,FALSE,Non-reference / air sensor,FALSE,32.2888,72.2747,1,N/A,1,16242898,https://explore.openaq.org/locations/6346768,Asia,Pakistan,PK
6346769,TCS Jhang Jr. Branch,,Asia/Karachi,109,PK,Pakistan,1,OpenAQ admin,440,Hawanama,FALSE,Non-reference / air sensor,FALSE,31.2649,72.3223,1,N/A,1,16242897,https://explore.openaq.org/locations/6346769,Asia,Pakistan,PK
6346770,Sialkot Aziz Garden B,,Asia/Karachi,109,PK,Pakistan,1,OpenAQ admin,440,Hawanama,FALSE,Non-reference / air sensor,FALSE,32.558,74.5516,1,N/A,1,16242899,https://explore.openaq.org/locations/6346770,Asia,Pakistan,PK
6346771,TCS Sargodha Collage Campus,,Asia/Karachi,109,PK,Pakistan,1,OpenAQ admin,440,Hawanama,FALSE,Non-reference / air sensor,FALSE,32.0552,72.6911,1,N/A,1,16242900,https://explore.openaq.org/locations/6346771,Asia,Pakistan,PK
6346772,Vehari B,,Asia/Karachi,109,PK,Pakistan,1,OpenAQ admin,440,Hawanama,FALSE,Non-reference / air sensor,FALSE,30.042,72.3367,1,N/A,1,16242901,https://explore.openaq.org/locations/6346772,Asia,Pakistan,PK
6346773,Tariq Road C KHI,,Asia/Karachi,109,PK,Pakistan,1,OpenAQ admin,440,Hawanama,FALSE,Non-reference / air sensor,FALSE,24.8686,67.0596,1,N/A,1,16242902,https://explore.openaq.org/locations/6346773,Asia,Pakistan,PK
6346774,Faisal Cantonment A KHI,,Asia/Karachi,109,PK,Pakistan,1,OpenAQ admin,440,Hawanama,FALSE,Non-reference / air sensor,FALSE,24.8909,67.1748,1,N/A,1,16242903,https://explore.openaq.org/locations/6346774,Asia,Pakistan,PK
6346775,HANDS Gadap Town KHI,,Asia/Karachi,109,PK,Pakistan,1,OpenAQ admin,440,Hawanama,FALSE,Non-reference / air sensor,FALSE,24.989,67.2134,1,N/A,1,16242904,https://explore.openaq.org/locations/6346775,Asia,Pakistan,PK
6346776,Mashahoor Chowk Gilgit,,Asia/Karachi,109,PK,Pakistan,1,OpenAQ admin,440,Hawanama,FALSE,Non-reference / air sensor,FALSE,35.9106,74.399,1,N/A,1,16242905,https://explore.openaq.org/locations/6346776,Asia,Pakistan,PK
6346777,Faisalabad Civil Lines B,,Asia/Karachi,109,PK,Pakistan,1,OpenAQ admin,440,Hawanama,FALSE,Non-reference / air sensor,FALSE,31.4324,73.0811,1,N/A,1,16242906,https://explore.openaq.org/locations/6346777,Asia,Pakistan,PK
6346778,TCS Jhang Senior Campus,,Asia/Karachi,109,PK,Pakistan,1,OpenAQ admin,440,Hawanama,FALSE,Non-reference / air sensor,FALSE,31.2412,72.3276,1,N/A,1,16242907,https://explore.openaq.org/locations/6346778,Asia,Pakistan,PK
6346779,Old Clifton Seven Towers,,Asia/Karachi,109,PK,Pakistan,1,OpenAQ admin,440,Hawanama,FALSE,Non-reference / air sensor,FALSE,24.8158,67.0306,1,N/A,1,16242908,https://explore.openaq.org/locations/6346779,Asia,Pakistan,PK
6346780,Clifton Block 1 C KHI,,Asia/Karachi,109,PK,Pakistan,1,OpenAQ admin,440,Hawanama,FALSE,Non-reference / air sensor,FALSE,24.8157,67.0058,1,N/A,1,16242909,https://explore.openaq.org/locations/6346780,Asia,Pakistan,PK
6346781,Icchra Maqbool Rd LHE,,Asia/Karachi,109,PK,Pakistan,1,OpenAQ admin,440,Hawanama,FALSE,Non-reference / air sensor,FALSE,31.5274,74.3113,1,N/A,1,16242910,https://explore.openaq.org/locations/6346781,Asia,Pakistan,PK
6346782,Jamshed Road C KHI,,Asia/Karachi,109,PK,Pakistan,1,OpenAQ admin,440,Hawanama,FALSE,Non-reference / air sensor,FALSE,24.8809,67.0466,1,N/A,1,16242911,https://explore.openaq.org/locations/6346782,Asia,Pakistan,PK
6346783,Bahria Town B LHE,,Asia/Karachi,109,PK,Pakistan,1,OpenAQ admin,440,Hawanama,FALSE,Non-reference / air sensor,FALSE,31.37,74.1702,1,N/A,1,16242912,https://explore.openaq.org/locations/6346783,Asia,Pakistan,PK
6346784,Mamti Mahalla Gilgit,,Asia/Karachi,109,PK,Pakistan,1,OpenAQ admin,440,Hawanama,FALSE,Non-reference / air sensor,FALSE,35.9257,74.386,1,N/A,1,16242913,https://explore.openaq.org/locations/6346784,Asia,Pakistan,PK
6346785,Tajpura,,Asia/Karachi,109,PK,Pakistan,1,OpenAQ admin,440,Hawanama,FALSE,Non-reference / air sensor,FALSE,31.5584,74.3998,1,N/A,1,16242914,https://explore.openaq.org/locations/6346785,Asia,Pakistan,PK
6346786,TCS Gujrawala,,Asia/Karachi,109,PK,Pakistan,1,OpenAQ admin,440,Hawanama,FALSE,Non-reference / air sensor,FALSE,32.2038,74.1889,1,N/A,1,16242915,https://explore.openaq.org/locations/6346786,Asia,Pakistan,PK
6416741,Welkin Hitech Instruments Pvt. Ltd.,,Asia/Karachi,109,PK,Pakistan,12,AirGradient,66,AirGradient,FALSE,Non-reference / air sensor,FALSE,24.9173777453824,67.0963326615362,7,Unknown AirGradient Sensor,1,16719735,https://explore.openaq.org/locations/6416741,Asia,Pakistan,PK
3043475,Ngwewere,,Africa/Lusaka,81,ZM,Zambia,11509,Unknown Person,66,AirGradient,FALSE,Non-reference / air sensor,FALSE,-15.308567,28.352501,7,Unknown AirGradient Sensor,1,10465295,https://explore.openaq.org/locations/3043475,Africa,Zambia,ZM
3063866,Siavonga,,Africa/Lusaka,81,ZM,Zambia,11159,Siavonga Harbour 1,66,AirGradient,FALSE,Non-reference / air sensor,FALSE,-16.541315,28.707835,24,AirGradient Open Air Generation 1 (O-1PST),1,10618887,https://explore.openaq.org/locations/3063866,Africa,Zambia,ZM
3063951,Siavonga Harbour 2,,Africa/Lusaka,81,ZM,Zambia,11159,Siavonga Harbour 1,66,AirGradient,FALSE,Non-reference / air sensor,FALSE,-16.541213,28.708111,24,AirGradient Open Air Generation 1 (O-1PST),1,10619511,https://explore.openaq.org/locations/3063951,Africa,Zambia,ZM
6149221,airqo_g5514,,Africa/Lusaka,81,ZM,Zambia,1,OpenAQ admin,21,AirQo,FALSE,Non-reference / air sensor,FALSE,-15.4228465525876,28.2866967130822,1,N/A,1,14773551,https://explore.openaq.org/locations/6149221,Africa,Zambia,ZM
6178079,airqo_g5512,,Africa/Lusaka,81,ZM,Zambia,1,OpenAQ admin,21,AirQo,FALSE,Non-reference / air sensor,FALSE,-15.4067140159033,28.4104471854685,1,N/A,1,14988849,https://explore.openaq.org/locations/6178079,Africa,Zambia,ZM
6200783,Trident,,Africa/Lusaka,81,ZM,Zambia,9,Clarity,166,Clarity,FALSE,Non-reference / air sensor,FALSE,-12.14008,26.4031,4,Clarity Sensor,1,15158086,https://explore.openaq.org/locations/6200783,Africa,Zambia,ZM
6200784,Trident,,Africa/Lusaka,81,ZM,Zambia,9,Clarity,166,Clarity,FALSE,Non-reference / air sensor,FALSE,-12.15152,26.44309,4,Clarity Sensor,1,15158085,https://explore.openaq.org/locations/6200784,Africa,Zambia,ZM
6265868,Zambia Outdoor Demo,,Africa/Lusaka,81,ZM,Zambia,10999,Communities Against Pollution (CAP),66,AirGradient,FALSE,Non-reference / air sensor,FALSE,-15.481846,28.396063,7,Unknown AirGradient Sensor,1,15638526,https://explore.openaq.org/locations/6265868,Africa,Zambia,ZM
6274070,airqo_g5479,,Africa/Lusaka,81,ZM,Zambia,1,OpenAQ admin,21,AirQo,FALSE,Non-reference / air sensor,FALSE,-15.2474385398784,28.164036178056,1,N/A,1,15699478,https://explore.openaq.org/locations/6274070,Africa,Zambia,ZM
6287632,Twinpalm ,,Africa/Lusaka,81,ZM,Zambia,12,AirGradient,66,AirGradient,FALSE,Non-reference / air sensor,FALSE,-15.431485,28.364385,7,Unknown AirGradient Sensor,1,15800518,https://explore.openaq.org/locations/6287632,Africa,Zambia,ZM
6347685,airqo_g5523,,Africa/Lusaka,81,ZM,Zambia,1,OpenAQ admin,21,AirQo,FALSE,Non-reference / air sensor,FALSE,-15.4248017525529,28.2752843117006,1,N/A,1,16249554,https://explore.openaq.org/locations/6347685,Africa,Zambia,ZM
6393588,Kapwayambale,,Africa/Lusaka,81,ZM,Zambia,12,AirGradient,66,AirGradient,FALSE,Non-reference / air sensor,FALSE,-15.319442,28.342849,7,Unknown AirGradient Sensor,1,16548697,https://explore.openaq.org/locations/6393588,Africa,Zambia,ZM
6415576,airqo_g5504,,Africa/Lusaka,81,ZM,Zambia,1,OpenAQ admin,21,AirQo,FALSE,Non-reference / air sensor,FALSE,-15.4496755694294,28.3810587160607,1,N/A,1,16711169,https://explore.openaq.org/locations/6415576,Africa,Zambia,ZM
6415577,airqo_g5493,,Africa/Lusaka,81,ZM,Zambia,1,OpenAQ admin,21,AirQo,FALSE,Non-reference / air sensor,FALSE,-15.4186267373405,28.2498549881558,1,N/A,1,16711171,https://explore.openaq.org/locations/6415577,Africa,Zambia,ZM
6415578,airqo_g5498,,Africa/Lusaka,81,ZM,Zambia,1,OpenAQ admin,21,AirQo,FALSE,Non-reference / air sensor,FALSE,-15.3499203946883,28.2652250794406,1,N/A,1,16711175,https://explore.openaq.org/locations/6415578,Africa,Zambia,ZM
6415579,airqo_g5495,,Africa/Lusaka,81,ZM,Zambia,1,OpenAQ admin,21,AirQo,FALSE,Non-reference / air sensor,FALSE,-15.3855886800038,28.355135303434,1,N/A,1,16711173,https://explore.openaq.org/locations/6415579,Africa,Zambia,ZM
6089489,"EPA,  (UMU-EPIC), Liberia",,Africa/Monrovia,84,LR,Liberia,23952,United Methodist University,66,AirGradient,FALSE,Non-reference / air sensor,FALSE,6.3107,-10.7972,26,AirGradient Open Air Max Generation 1 (O-M-1PPST-CE),1,14340195,https://explore.openaq.org/locations/6089489,Africa,Liberia,LR
6092595,"West Point (UMU-EPIC), Liberia",,Africa/Monrovia,84,LR,Liberia,23952,United Methodist University,66,AirGradient,FALSE,Non-reference / air sensor,FALSE,6.313591,-10.817455,26,AirGradient Open Air Max Generation 1 (O-M-1PPST-CE),1,14356827,https://explore.openaq.org/locations/6092595,Africa,Liberia,LR
6126715,"Duala (UMU-EPIC), Liberia",,Africa/Monrovia,84,LR,Liberia,23952,United Methodist University,66,AirGradient,FALSE,Non-reference / air sensor,FALSE,6.3664,-10.792,7,Unknown AirGradient Sensor,1,14607952,https://explore.openaq.org/locations/6126715,Africa,Liberia,LR
6216059,United Methodist University_Left Wing Upper (UMU_EPIC Liberia),,Africa/Monrovia,84,LR,Liberia,23952,United Methodist University,66,AirGradient,FALSE,Non-reference / air sensor,FALSE,6.309,-10.804,24,AirGradient Open Air Generation 1 (O-1PST),1,15269713,https://explore.openaq.org/locations/6216059,Africa,Liberia,LR
6216060,United Methodist University_Right Wing  (UMU_EPIC Liberia),,Africa/Monrovia,84,LR,Liberia,12,AirGradient,66,AirGradient,FALSE,Non-reference / air sensor,FALSE,6.309,-10.6779,7,Unknown AirGradient Sensor,1,15269718,https://explore.openaq.org/locations/6216060,Africa,Liberia,LR
6216099,United Methodist University_Left Wing Lower (UMU_EPIC Liberia),,Africa/Monrovia,84,LR,Liberia,23952,United Methodist University,66,AirGradient,FALSE,Non-reference / air sensor,FALSE,6.309,-10.804,24,AirGradient Open Air Generation 1 (O-1PST),1,15269992,https://explore.openaq.org/locations/6216099,Africa,Liberia,LR
6216100,Duport Road_Soko Sackor Compound (UMU-EPIC Liberia),,Africa/Monrovia,84,LR,Liberia,23952,United Methodist University,66,AirGradient,FALSE,Non-reference / air sensor,FALSE,6.27017,-10.6779,24,AirGradient Open Air Generation 1 (O-1PST),1,15269997,https://explore.openaq.org/locations/6216100,Africa,Liberia,LR
6226896,United Methodist University_Right Wing_A  (UMU_EPIC Liberia),,Africa/Monrovia,84,LR,Liberia,12,AirGradient,66,AirGradient,FALSE,Non-reference / air sensor,FALSE,6.3007,-10.6779,7,Unknown AirGradient Sensor,1,15348148,https://explore.openaq.org/locations/6226896,Africa,Liberia,LR
6228063,MaPhanta Building_Bye Pass,,Africa/Monrovia,84,LR,Liberia,12,AirGradient,66,AirGradient,FALSE,Non-reference / air sensor,FALSE,6.2763369,-10.7542321,7,Unknown AirGradient Sensor,1,15356965,https://explore.openaq.org/locations/6228063,Africa,Liberia,LR
6288864,Spectrum_Crown Hill (EPIC Liberia),,Africa/Monrovia,84,LR,Liberia,12,AirGradient,66,AirGradient,FALSE,Non-reference / air sensor,FALSE,6.314861,-10.799024,7,Unknown AirGradient Sensor,1,15809024,https://explore.openaq.org/locations/6288864,Africa,Liberia,LR
6307815,SEG Group (EPIC LIBERIA),,Africa/Monrovia,84,LR,Liberia,12,AirGradient,66,AirGradient,FALSE,Non-reference / air sensor,FALSE,6.2891,-10.776,7,Unknown AirGradient Sensor,1,15951654,https://explore.openaq.org/locations/6307815,Africa,Liberia,LR
6309097,UN Drive,,Africa/Monrovia,84,LR,Liberia,23952,United Methodist University,66,AirGradient,FALSE,Non-reference / air sensor,FALSE,6.3116,-10.809,7,Unknown AirGradient Sensor,1,15961457,https://explore.openaq.org/locations/6309097,Africa,Liberia,LR
9762,US Diplomatic Post: Abidjan,Abidjan,Africa/Abidjan,96,CI,Côte d'Ivoire,4,Unknown Governmental Organization,232,StateAir Abidjan,TRUE,Reference monitor,FALSE,5.335049,-3.976023,2,Government Monitor,1,30466,https://explore.openaq.org/locations/9762,Africa,Côte d'Ivoire,CI
4337366,Pharmacie Synacassis,,Africa/Abidjan,96,CI,Côte d'Ivoire,19667,data354,14,Data354,FALSE,Non-reference / air sensor,FALSE,5.346,-3.945,1,N/A,1,13013321,https://explore.openaq.org/locations/4337366,Africa,Côte d'Ivoire,CI
4337367,AIRQ_8783,,Africa/Abidjan,96,CI,Côte d'Ivoire,19667,data354,14,Data354,FALSE,Non-reference / air sensor,FALSE,5.345,-3.991,1,N/A,1,13013370,https://explore.openaq.org/locations/4337367,Africa,Côte d'Ivoire,CI
4337368,Nouvelle Pharmacie M'Pouto,,Africa/Abidjan,96,CI,Côte d'Ivoire,19667,data354,14,Data354,FALSE,Non-reference / air sensor,FALSE,5.328,-3.949,1,N/A,1,13013342,https://explore.openaq.org/locations/4337368,Africa,Côte d'Ivoire,CI
4337369,Pharmacie Saint Clément,,Africa/Abidjan,96,CI,Côte d'Ivoire,19667,data354,14,Data354,FALSE,Non-reference / air sensor,FALSE,5.40507024139754,-3.95571305777974,1,N/A,1,13013356,https://explore.openaq.org/locations/4337369,Africa,Côte d'Ivoire,CI
4337370,Pharmacie Koweit Marche,,Africa/Abidjan,96,CI,Côte d'Ivoire,19667,data354,14,Data354,FALSE,Non-reference / air sensor,FALSE,5.315,-4.053,1,N/A,1,13013314,https://explore.openaq.org/locations/4337370,Africa,Côte d'Ivoire,CI
4337371,Rosier,,Africa/Abidjan,96,CI,Côte d'Ivoire,19667,data354,14,Data354,FALSE,Non-reference / air sensor,FALSE,5.376,-3.96,1,N/A,1,13013363,https://explore.openaq.org/locations/4337371,Africa,Côte d'Ivoire,CI
4337372,INHP,,Africa/Abidjan,96,CI,Côte d'Ivoire,19667,data354,14,Data354,FALSE,Non-reference / air sensor,FALSE,5.29480380504248,-4.00489828955337,1,N/A,1,13013300,https://explore.openaq.org/locations/4337372,Africa,Côte d'Ivoire,CI
4337373,Pharmacie de la Mé,,Africa/Abidjan,96,CI,Côte d'Ivoire,19667,data354,14,Data354,FALSE,Non-reference / air sensor,FALSE,5.423,-4.018,1,N/A,1,13013349,https://explore.openaq.org/locations/4337373,Africa,Côte d'Ivoire,CI
4337374,Pharmacie Emeraude,,Africa/Abidjan,96,CI,Côte d'Ivoire,19667,data354,14,Data354,FALSE,Non-reference / air sensor,FALSE,5.372,-4.001,1,N/A,1,13013328,https://explore.openaq.org/locations/4337374,Africa,Côte d'Ivoire,CI
4337375,Pharmacie Gare Sud,,Africa/Abidjan,96,CI,Côte d'Ivoire,19667,data354,14,Data354,FALSE,Non-reference / air sensor,FALSE,5.315,-4.018,1,N/A,1,13013307,https://explore.openaq.org/locations/4337375,Africa,Côte d'Ivoire,CI
4337376,AIRQ_10511,,Africa/Abidjan,96,CI,Côte d'Ivoire,19667,data354,14,Data354,FALSE,Non-reference / air sensor,FALSE,5.361,-3.969,1,N/A,1,13013293,https://explore.openaq.org/locations/4337376,Africa,Côte d'Ivoire,CI
4337377,Pharmacie Malika,,Africa/Abidjan,96,CI,Côte d'Ivoire,19667,data354,14,Data354,FALSE,Non-reference / air sensor,FALSE,5.335,-3.998,1,N/A,1,13013335,https://explore.openaq.org/locations/4337377,Africa,Côte d'Ivoire,CI
4337378,Pharmacie Analya,,Africa/Abidjan,96,CI,Côte d'Ivoire,19667,data354,14,Data354,FALSE,Non-reference / air sensor,FALSE,5.403,-3.961,1,N/A,1,13023336,https://explore.openaq.org/locations/4337378,Africa,Côte d'Ivoire,CI
4337379,Pharmacie du Bonheur,,Africa/Abidjan,96,CI,Côte d'Ivoire,19667,data354,14,Data354,FALSE,Non-reference / air sensor,FALSE,5.36935377120972,-3.95896339416504,1,N/A,1,13013377,https://explore.openaq.org/locations/4337379,Africa,Côte d'Ivoire,CI
4337380,Pharmacie Rue Ministre,,Africa/Abidjan,96,CI,Côte d'Ivoire,19667,data354,14,Data354,FALSE,Non-reference / air sensor,FALSE,5.36515378952026,-3.95765066146851,1,N/A,1,13013384,https://explore.openaq.org/locations/4337380,Africa,Côte d'Ivoire,CI
4406171,Pharmacie Boulevard Carde,,Africa/Abidjan,96,CI,Côte d'Ivoire,19667,data354,14,Data354,FALSE,Non-reference / air sensor,FALSE,5.326,-4.024,1,N/A,1,13049955,https://explore.openaq.org/locations/4406171,Africa,Côte d'Ivoire,CI
4407665,Pharmacie Notre Dame du Grand Signe,,Africa/Abidjan,96,CI,Côte d'Ivoire,19667,data354,14,Data354,FALSE,Non-reference / air sensor,FALSE,5.392,-3.981,1,N/A,1,13050581,https://explore.openaq.org/locations/4407665,Africa,Côte d'Ivoire,CI
4408169,Pharmacie St Bernard,,Africa/Abidjan,96,CI,Côte d'Ivoire,19667,data354,14,Data354,FALSE,Non-reference / air sensor,FALSE,5.36728823135325,-3.97939746738172,1,N/A,1,13051187,https://explore.openaq.org/locations/4408169,Africa,Côte d'Ivoire,CI
4769816,Pharmacie Perusia,,Africa/Abidjan,96,CI,Côte d'Ivoire,19667,data354,14,Data354,FALSE,Non-reference / air sensor,FALSE,5.28072184440862,-3.97682554722573,1,N/A,1,13351213,https://explore.openaq.org/locations/4769816,Africa,Côte d'Ivoire,CI
6108626,Pharmacie Peniel,,Africa/Abidjan,96,CI,Côte d'Ivoire,19667,data354,14,Data354,FALSE,Non-reference / air sensor,FALSE,5.3593987430269,-4.10053931838953,1,N/A,1,14474674,https://explore.openaq.org/locations/6108626,Africa,Côte d'Ivoire,CI
6108627,Pharmacie Remblais,,Africa/Abidjan,96,CI,Côte d'Ivoire,19667,data354,14,Data354,FALSE,Non-reference / air sensor,FALSE,5.307,-3.964,1,N/A,1,14474681,https://explore.openaq.org/locations/6108627,Africa,Côte d'Ivoire,CI
6211305,NodeS-A6GX,,Africa/Abidjan,96,CI,Côte d'Ivoire,9,Clarity,166,Clarity,FALSE,Non-reference / air sensor,FALSE,9.458,-5.632,4,Clarity Sensor,1,15234571,https://explore.openaq.org/locations/6211305,Africa,Côte d'Ivoire,CI
6211306,NodeS-A9YL,,Africa/Abidjan,96,CI,Côte d'Ivoire,9,Clarity,166,Clarity,FALSE,Non-reference / air sensor,FALSE,5.3613,-3.9683,4,Clarity Sensor,1,15234564,https://explore.openaq.org/locations/6211306,Africa,Côte d'Ivoire,CI
6211307,NodeS-A66J,,Africa/Abidjan,96,CI,Côte d'Ivoire,9,Clarity,166,Clarity,FALSE,Non-reference / air sensor,FALSE,5.3984,-4.0889,4,Clarity Sensor,1,15234570,https://explore.openaq.org/locations/6211307,Africa,Côte d'Ivoire,CI
6211308,NodeS-AC6R,,Africa/Abidjan,96,CI,Côte d'Ivoire,9,Clarity,166,Clarity,FALSE,Non-reference / air sensor,FALSE,5.4297,-4.0357,4,Clarity Sensor,1,15234567,https://explore.openaq.org/locations/6211308,Africa,Côte d'Ivoire,CI
6211309,Node-S-AFRP,,Africa/Abidjan,96,CI,Côte d'Ivoire,9,Clarity,166,Clarity,FALSE,Non-reference / air sensor,FALSE,5.3839,-4.0529,4,Clarity Sensor,1,15234572,https://explore.openaq.org/locations/6211309,Africa,Côte d'Ivoire,CI
6211310,NodeS-A6VH,,Africa/Abidjan,96,CI,Côte d'Ivoire,9,Clarity,166,Clarity,FALSE,Non-reference / air sensor,FALSE,5.3427,-4.0271,4,Clarity Sensor,1,15234566,https://explore.openaq.org/locations/6211310,Africa,Côte d'Ivoire,CI
6211311,NodeS-A4MQ,,Africa/Abidjan,96,CI,Côte d'Ivoire,9,Clarity,166,Clarity,FALSE,Non-reference / air sensor,FALSE,5.2985,-4.0083,4,Clarity Sensor,1,15234573,https://explore.openaq.org/locations/6211311,Africa,Côte d'Ivoire,CI
6211312,NodeS-A993,,Africa/Abidjan,96,CI,Côte d'Ivoire,9,Clarity,166,Clarity,FALSE,Non-reference / air sensor,FALSE,9.442,-5.594,4,Clarity Sensor,1,15234569,https://explore.openaq.org/locations/6211312,Africa,Côte d'Ivoire,CI
6211313,Node-S-ACH7,,Africa/Abidjan,96,CI,Côte d'Ivoire,9,Clarity,166,Clarity,FALSE,Non-reference / air sensor,FALSE,9.482,-5.591,4,Clarity Sensor,1,15234565,https://explore.openaq.org/locations/6211313,Africa,Côte d'Ivoire,CI
6211314,NodeS-A43K,,Africa/Abidjan,96,CI,Côte d'Ivoire,9,Clarity,166,Clarity,FALSE,Non-reference / air sensor,FALSE,9.43,-5.659,4,Clarity Sensor,1,15234568,https://explore.openaq.org/locations/6211314,Africa,Côte d'Ivoire,CI
6380763,Côté d'ivoire,,Africa/Abidjan,96,CI,Côte d'Ivoire,12,AirGradient,66,AirGradient,FALSE,Non-reference / air sensor,FALSE,5.329316,-4.103733,7,Unknown AirGradient Sensor,1,16453891,https://explore.openaq.org/locations/6380763,Africa,Côte d'Ivoire,CI
4186392,Namiwawa,,Africa/Blantyre,18,MW,Malawi,16775,Shift iT,66,AirGradient,FALSE,Non-reference / air sensor,FALSE,-15.7819646,34.9946509,24,AirGradient Open Air Generation 1 (O-1PST),1,12881803,https://explore.openaq.org/locations/4186392,Africa,Malawi,MW
5633543,Mzuzu University (MIfCAS),,Africa/Blantyre,18,MW,Malawi,18413,Clean Air One Atmosphere,15,IQAir,FALSE,Non-reference / air sensor,FALSE,-11.4237,33.9895,17,AirVisual,1,14011338,https://explore.openaq.org/locations/5633543,Africa,Malawi,MW
5741366,Chichiri,,Africa/Blantyre,18,MW,Malawi,19666,MUBAS Air Quality,66,AirGradient,FALSE,Non-reference / air sensor,FALSE,-15.807777,35.04319,26,AirGradient Open Air Max Generation 1 (O-M-1PPST-CE),1,14153398,https://explore.openaq.org/locations/5741366,Africa,Malawi,MW
5741367,MUBAS,,Africa/Blantyre,18,MW,Malawi,19666,MUBAS Air Quality,66,AirGradient,FALSE,Non-reference / air sensor,FALSE,-15.801964,35.026975,26,AirGradient Open Air Max Generation 1 (O-M-1PPST-CE),1,14153403,https://explore.openaq.org/locations/5741367,Africa,Malawi,MW
5741368,"Msalura, Salima",,Africa/Blantyre,18,MW,Malawi,19666,MUBAS Air Quality,66,AirGradient,FALSE,Non-reference / air sensor,FALSE,-13.77667,34.454888,26,AirGradient Open Air Max Generation 1 (O-M-1PPST-CE),1,14153563,https://explore.openaq.org/locations/5741368,Africa,Malawi,MW
5741369,"Mchesi, Lilongwe",,Africa/Blantyre,18,MW,Malawi,19666,MUBAS Air Quality,66,AirGradient,FALSE,Non-reference / air sensor,FALSE,-13.98694,33.785765,26,AirGradient Open Air Max Generation 1 (O-M-1PPST-CE),1,14153573,https://explore.openaq.org/locations/5741369,Africa,Malawi,MW
5741370,"Chirunga, Zomba",,Africa/Blantyre,18,MW,Malawi,19666,MUBAS Air Quality,66,AirGradient,FALSE,Non-reference / air sensor,FALSE,-15.3888246,35.3370456,26,AirGradient Open Air Max Generation 1 (O-M-1PPST-CE),1,14153643,https://explore.openaq.org/locations/5741370,Africa,Malawi,MW
5741371,"Luwinga, Mzuzu",,Africa/Blantyre,18,MW,Malawi,19666,MUBAS Air Quality,66,AirGradient,FALSE,Non-reference / air sensor,FALSE,-11.394586,34.005576,26,AirGradient Open Air Max Generation 1 (O-M-1PPST-CE),1,14153658,https://explore.openaq.org/locations/5741371,Africa,Malawi,MW
5978741,"CBD, Blantyre",,Africa/Blantyre,18,MW,Malawi,19666,MUBAS Air Quality,66,AirGradient,FALSE,Non-reference / air sensor,FALSE,-15.784217,35.00578,26,AirGradient Open Air Max Generation 1 (O-M-1PPST-CE),1,14260933,https://explore.openaq.org/locations/5978741,Africa,Malawi,MW
6071752,"Sengabay, Salima",,Africa/Blantyre,18,MW,Malawi,19666,MUBAS Air Quality,66,AirGradient,FALSE,Non-reference / air sensor,FALSE,-13.71749,34.62739,26,AirGradient Open Air Max Generation 1 (O-M-1PPST-CE),1,14328046,https://explore.openaq.org/locations/6071752,Africa,Malawi,MW
6074887,"City Center, Lilongwe",,Africa/Blantyre,18,MW,Malawi,19666,MUBAS Air Quality,66,AirGradient,FALSE,Non-reference / air sensor,FALSE,-13.95529,33.796485,26,AirGradient Open Air Max Generation 1 (O-M-1PPST-CE),1,14330216,https://explore.openaq.org/locations/6074887,Africa,Malawi,MW
6208892,MIfCAS-Mzuzu University,,Africa/Blantyre,18,MW,Malawi,27957,MIfCAS,66,AirGradient,FALSE,Non-reference / air sensor,FALSE,-11.4216,33.99537,26,AirGradient Open Air Max Generation 1 (O-M-1PPST-CE),1,15216894,https://explore.openaq.org/locations/6208892,Africa,Malawi,MW
6208927,MIfCAS-Lilongwe,,Africa/Blantyre,18,MW,Malawi,27957,MIfCAS,66,AirGradient,FALSE,Non-reference / air sensor,FALSE,-11.4216,33.99539,26,AirGradient Open Air Max Generation 1 (O-M-1PPST-CE),1,15217125,https://explore.openaq.org/locations/6208927,Africa,Malawi,MW
6208928,MIfCAS-Nsanje,,Africa/Blantyre,18,MW,Malawi,27957,MIfCAS,66,AirGradient,FALSE,Non-reference / air sensor,FALSE,-11.4216,33.99544,26,AirGradient Open Air Max Generation 1 (O-M-1PPST-CE),1,15217130,https://explore.openaq.org/locations/6208928,Africa,Malawi,MW
6209063,MIfCAS-Mangochi,,Africa/Blantyre,18,MW,Malawi,27957,MIfCAS,66,AirGradient,FALSE,Non-reference / air sensor,FALSE,-11.4216,33.99542,26,AirGradient Open Air Max Generation 1 (O-M-1PPST-CE),1,15218084,https://explore.openaq.org/locations/6209063,Africa,Malawi,MW
6209487,MIfCAS-Blantyre,,Africa/Blantyre,18,MW,Malawi,27957,MIfCAS,66,AirGradient,FALSE,Non-reference / air sensor,FALSE,-11.4216,33.99538,26,AirGradient Open Air Max Generation 1 (O-M-1PPST-CE),1,15221187,https://explore.openaq.org/locations/6209487,Africa,Malawi,MW
6209555,MIfCAS-Dedza,,Africa/Blantyre,18,MW,Malawi,12,AirGradient,66,AirGradient,FALSE,Non-reference / air sensor,FALSE,-11.4216,33.99541,7,Unknown AirGradient Sensor,1,15221680,https://explore.openaq.org/locations/6209555,Africa,Malawi,MW
6209772,MIfCAS-Chikwawa,,Africa/Blantyre,18,MW,Malawi,27957,MIfCAS,66,AirGradient,FALSE,Non-reference / air sensor,FALSE,-11.4216,33.99543,26,AirGradient Open Air Max Generation 1 (O-M-1PPST-CE),1,15223262,https://explore.openaq.org/locations/6209772,Africa,Malawi,MW
6211035,MIfCAS-Karonga,,Africa/Blantyre,18,MW,Malawi,27957,MIfCAS,66,AirGradient,FALSE,Non-reference / air sensor,FALSE,-9.942073,33.923013,26,AirGradient Open Air Max Generation 1 (O-M-1PPST-CE),1,15232611,https://explore.openaq.org/locations/6211035,Africa,Malawi,MW
6214706,MIfCAS-Kasungu,,Africa/Blantyre,18,MW,Malawi,27957,MIfCAS,66,AirGradient,FALSE,Non-reference / air sensor,FALSE,-11.4216,33.99545,7,Unknown AirGradient Sensor,1,15261119,https://explore.openaq.org/locations/6214706,Africa,Malawi,MW
6247271,MIfCAS-Zomba,,Africa/Blantyre,18,MW,Malawi,27957,MIfCAS,66,AirGradient,FALSE,Non-reference / air sensor,FALSE,-11.4216,33.99546,7,Unknown AirGradient Sensor,1,15499459,https://explore.openaq.org/locations/6247271,Africa,Malawi,MW
6248782,"Blantyre, CBD",,Africa/Blantyre,18,MW,Malawi,19666,MUBAS Air Quality,66,AirGradient,FALSE,Non-reference / air sensor,FALSE,-15.784217,35.00578,7,Unknown AirGradient Sensor,1,15510779,https://explore.openaq.org/locations/6248782,Africa,Malawi,MW
6270155,Chichiri Shopping Mall,,Africa/Blantyre,18,MW,Malawi,19666,MUBAS Air Quality,66,AirGradient,FALSE,Non-reference / air sensor,FALSE,-15.802268,35.034329,7,Unknown AirGradient Sensor,1,15670611,https://explore.openaq.org/locations/6270155,Africa,Malawi,MW
6270267,"CBD, Limbe",,Africa/Blantyre,18,MW,Malawi,19666,MUBAS Air Quality,66,AirGradient,FALSE,Non-reference / air sensor,FALSE,-15.817609,35.061205,7,Unknown AirGradient Sensor,1,15671433,https://explore.openaq.org/locations/6270267,Africa,Malawi,MW
6278507,"CBD, Zomba",,Africa/Blantyre,18,MW,Malawi,19666,MUBAS Air Quality,66,AirGradient,FALSE,Non-reference / air sensor,FALSE,-15.383252,35.320593,7,Unknown AirGradient Sensor,1,15732285,https://explore.openaq.org/locations/6278507,Africa,Malawi,MW
6278581,"Domasi, Zomba",,Africa/Blantyre,18,MW,Malawi,19666,MUBAS Air Quality,66,AirGradient,FALSE,Non-reference / air sensor,FALSE,-15.280026,35.39936,7,Unknown AirGradient Sensor,1,15732836,https://explore.openaq.org/locations/6278581,Africa,Malawi,MW
6278771,"Kuchawe, Zomba",,Africa/Blantyre,18,MW,Malawi,19666,MUBAS Air Quality,66,AirGradient,FALSE,Non-reference / air sensor,FALSE,-15.364667,35.305297,7,Unknown AirGradient Sensor,1,15734194,https://explore.openaq.org/locations/6278771,Africa,Malawi,MW
6300552,"Maganga, Salima",,Africa/Blantyre,18,MW,Malawi,19666,MUBAS Air Quality,66,AirGradient,FALSE,Non-reference / air sensor,FALSE,-13.76655,34.607993,7,Unknown AirGradient Sensor,1,15897059,https://explore.openaq.org/locations/6300552,Africa,Malawi,MW
6300776,"Area 4, Lilongwe",,Africa/Blantyre,18,MW,Malawi,19666,MUBAS Air Quality,66,AirGradient,FALSE,Non-reference / air sensor,FALSE,-13.985085,33.765678,7,Unknown AirGradient Sensor,1,15899043,https://explore.openaq.org/locations/6300776,Africa,Malawi,MW
6301502,"Game Complex, Lilongwe",,Africa/Blantyre,18,MW,Malawi,19666,MUBAS Air Quality,66,AirGradient,FALSE,Non-reference / air sensor,FALSE,-13.985993,33.770007,7,Unknown AirGradient Sensor,1,15904299,https://explore.openaq.org/locations/6301502,Africa,Malawi,MW
6301904,"CBD, Mzuzu",,Africa/Blantyre,18,MW,Malawi,19666,MUBAS Air Quality,66,AirGradient,FALSE,Non-reference / air sensor,FALSE,-11.467519,34.02297,7,Unknown AirGradient Sensor,1,15907078,https://explore.openaq.org/locations/6301904,Africa,Malawi,MW
6302906,"Nankhaka, Lilongwe",,Africa/Blantyre,18,MW,Malawi,19666,MUBAS Air Quality,66,AirGradient,FALSE,Non-reference / air sensor,FALSE,-13.928355,33.787525,7,Unknown AirGradient Sensor,1,15914834,https://explore.openaq.org/locations/6302906,Africa,Malawi,MW
6445540,BloomBox NBSS,,Africa/Blantyre,18,MW,Malawi,12,AirGradient,66,AirGradient,FALSE,Non-reference / air sensor,FALSE,-15.7713734,34.9991701,7,Unknown AirGradient Sensor,1,16930560,https://explore.openaq.org/locations/6445540,Africa,Malawi,MW
2117304,Maputo,N/A,Africa/Maputo,123,MZ,Mozambique,4,Unknown Governmental Organization,119,AirNow,TRUE,Reference monitor,FALSE,-25.95961,32.60031,2,Government Monitor,1,7717842,https://explore.openaq.org/locations/2117304,Africa,Mozambique,MZ
2130388,Maputo,N/A,Africa/Maputo,123,MZ,Mozambique,4,Unknown Governmental Organization,119,AirNow,TRUE,Reference monitor,FALSE,-25.90382,32.62835,2,Government Monitor,1,7733393,https://explore.openaq.org/locations/2130388,Africa,Mozambique,MZ
6303109,airqo_g5491,,Africa/Maputo,123,MZ,Mozambique,1,OpenAQ admin,21,AirQo,FALSE,Non-reference / air sensor,FALSE,-25.9456708090017,32.5395512468319,1,N/A,1,15915973,https://explore.openaq.org/locations/6303109,Africa,Mozambique,MZ
6303110,airqo_g5494,,Africa/Maputo,123,MZ,Mozambique,1,OpenAQ admin,21,AirQo,FALSE,Non-reference / air sensor,FALSE,-25.8346636640578,32.580656324413,1,N/A,1,15915981,https://explore.openaq.org/locations/6303110,Africa,Mozambique,MZ
6303111,airqo_g5445,,Africa/Maputo,123,MZ,Mozambique,1,OpenAQ admin,21,AirQo,FALSE,Non-reference / air sensor,FALSE,-25.9408384575354,32.5616136958753,1,N/A,1,15915979,https://explore.openaq.org/locations/6303111,Africa,Mozambique,MZ
6303112,airqo_g5496,,Africa/Maputo,123,MZ,Mozambique,1,OpenAQ admin,21,AirQo,FALSE,Non-reference / air sensor,FALSE,-26.0477471607613,32.3208582025249,1,N/A,1,15915975,https://explore.openaq.org/locations/6303112,Africa,Mozambique,MZ
6303113,airqo_g5562,,Africa/Maputo,123,MZ,Mozambique,1,OpenAQ admin,21,AirQo,FALSE,Non-reference / air sensor,FALSE,-25.9129068579169,32.5265827531145,1,N/A,1,15915983,https://explore.openaq.org/locations/6303113,Africa,Mozambique,MZ
6303114,airqo_g5422,,Africa/Maputo,123,MZ,Mozambique,1,OpenAQ admin,21,AirQo,FALSE,Non-reference / air sensor,FALSE,-25.9679428009302,32.4337273240441,1,N/A,1,15915977,https://explore.openaq.org/locations/6303114,Africa,Mozambique,MZ
6303748,airqo_bam_data_logger_05,,Africa/Maputo,123,MZ,Mozambique,1,OpenAQ admin,21,AirQo,TRUE,Reference monitor,FALSE,-25.4103701484381,32.809960088401,18,BAM 1022,1,15920691,https://explore.openaq.org/locations/6303748,Africa,Mozambique,MZ
6309728,airqo_g5562,,Africa/Maputo,123,MZ,Mozambique,1,OpenAQ admin,21,AirQo,FALSE,Non-reference / air sensor,FALSE,-25.9107129077454,32.5351052837303,1,N/A,1,15966191,https://explore.openaq.org/locations/6309728,Africa,Mozambique,MZ
6315098,airqo_bam_data_logger_05,,Africa/Maputo,123,MZ,Mozambique,1,OpenAQ admin,21,AirQo,FALSE,Non-reference / air sensor,FALSE,-25.4073165161998,32.80547,1,N/A,1,16007339,https://explore.openaq.org/locations/6315098,Africa,Mozambique,MZ
6350081,aq_g5_123,,Africa/Maputo,123,MZ,Mozambique,1,OpenAQ admin,21,AirQo,FALSE,Non-reference / air sensor,FALSE,-25.5940024573089,32.2464280645804,1,N/A,1,16267474,https://explore.openaq.org/locations/6350081,Africa,Mozambique,MZ
6350082,aq_g5_124,,Africa/Maputo,123,MZ,Mozambique,1,OpenAQ admin,21,AirQo,FALSE,Non-reference / air sensor,FALSE,-25.6008710164817,32.2410242373857,1,N/A,1,16267476,https://explore.openaq.org/locations/6350082,Africa,Mozambique,MZ
6350083,aq_g5_122,,Africa/Maputo,123,MZ,Mozambique,1,OpenAQ admin,21,AirQo,FALSE,Non-reference / air sensor,FALSE,-25.93135,32.58735,1,N/A,1,16267478,https://explore.openaq.org/locations/6350083,Africa,Mozambique,MZ
6353173,aq_g5_124,,Africa/Maputo,123,MZ,Mozambique,1,OpenAQ admin,21,AirQo,FALSE,Non-reference / air sensor,FALSE,-25.0483069021693,32.8091357832016,1,N/A,1,16290694,https://explore.openaq.org/locations/6353173,Africa,Mozambique,MZ
6366429,aq_g5_124,,Africa/Maputo,123,MZ,Mozambique,1,OpenAQ admin,21,AirQo,FALSE,Non-reference / air sensor,FALSE,-25.0483069021693,32.8091357832016,1,N/A,1,16348144,https://explore.openaq.org/locations/6366429,Africa,Mozambique,MZ
6369225,aq_g5_123,,Africa/Maputo,123,MZ,Mozambique,1,OpenAQ admin,21,AirQo,FALSE,Non-reference / air sensor,FALSE,-25.5940024573089,32.2464280645804,1,N/A,1,16368159,https://explore.openaq.org/locations/6369225,Africa,Mozambique,MZ
6118874,Balamand Alba DEK,,Asia/Beirut,13,LB,Lebanon,23954,Balamand University,66,AirGradient,FALSE,Non-reference / air sensor,FALSE,33.8836256,35.5575676,24,AirGradient Open Air Generation 1 (O-1PST),1,14548778,https://explore.openaq.org/locations/6118874,Asia,Lebanon,LB
6125557,FM Jbeil,,Asia/Beirut,13,LB,Lebanon,23954,Balamand University,66,AirGradient,FALSE,Non-reference / air sensor,FALSE,34.1199,35.6544,24,AirGradient Open Air Generation 1 (O-1PST),1,14599291,https://explore.openaq.org/locations/6125557,Asia,Lebanon,LB
6125558,FM Amchit,,Asia/Beirut,13,LB,Lebanon,23954,Balamand University,66,AirGradient,FALSE,Non-reference / air sensor,FALSE,34.1455,35.6467,24,AirGradient Open Air Generation 1 (O-1PST),1,14599551,https://explore.openaq.org/locations/6125558,Asia,Lebanon,LB
6130289,Athenee,,Asia/Beirut,13,LB,Lebanon,23954,Balamand University,66,AirGradient,FALSE,Non-reference / air sensor,FALSE,33.902,35.5956,24,AirGradient Open Air Generation 1 (O-1PST),1,14634219,https://explore.openaq.org/locations/6130289,Asia,Lebanon,LB
6152096,Red Cross Nabatieh,,Asia/Beirut,13,LB,Lebanon,23954,Balamand University,66,AirGradient,FALSE,Non-reference / air sensor,FALSE,33.4191,35.4838,7,Unknown AirGradient Sensor,1,14795290,https://explore.openaq.org/locations/6152096,Asia,Lebanon,LB
6152206,Red Cross Tyre,,Asia/Beirut,13,LB,Lebanon,23954,Balamand University,66,AirGradient,FALSE,Non-reference / air sensor,FALSE,33.2588,35.2135,24,AirGradient Open Air Generation 1 (O-1PST),1,14796081,https://explore.openaq.org/locations/6152206,Asia,Lebanon,LB
6152275,Red Cross Sidon,,Asia/Beirut,13,LB,Lebanon,23954,Balamand University,66,AirGradient,FALSE,Non-reference / air sensor,FALSE,33.5516,35.3886,24,AirGradient Open Air Generation 1 (O-1PST),1,14796603,https://explore.openaq.org/locations/6152275,Asia,Lebanon,LB
6153413,ISC Koura,,Asia/Beirut,13,LB,Lebanon,23954,Balamand University,66,AirGradient,FALSE,Non-reference / air sensor,FALSE,34.3458,35.795,7,Unknown AirGradient Sensor,1,14805077,https://explore.openaq.org/locations/6153413,Asia,Lebanon,LB
6153414,Red Cross Tripoli ,,Asia/Beirut,13,LB,Lebanon,23954,Balamand University,66,AirGradient,FALSE,Non-reference / air sensor,FALSE,34.4402,35.8188,24,AirGradient Open Air Generation 1 (O-1PST),1,14805082,https://explore.openaq.org/locations/6153414,Asia,Lebanon,LB
6153485,Balamand Koura,,Asia/Beirut,13,LB,Lebanon,23954,Balamand University,66,AirGradient,FALSE,Non-reference / air sensor,FALSE,34.3635,35.7832,24,AirGradient Open Air Generation 1 (O-1PST),1,14805611,https://explore.openaq.org/locations/6153485,Asia,Lebanon,LB
6162193,FHD,,Asia/Beirut,13,LB,Lebanon,23954,Balamand University,66,AirGradient,FALSE,Non-reference / air sensor,FALSE,33.8815,35.5183,24,AirGradient Open Air Generation 1 (O-1PST),1,14870966,https://explore.openaq.org/locations/6162193,Asia,Lebanon,LB
6166170,Red Cross Qobbayat,,Asia/Beirut,13,LB,Lebanon,23954,Balamand University,66,AirGradient,FALSE,Non-reference / air sensor,FALSE,34.5747,36.278,24,AirGradient Open Air Generation 1 (O-1PST),1,14900991,https://explore.openaq.org/locations/6166170,Asia,Lebanon,LB
6168965,Red Cross Hermel,,Asia/Beirut,13,LB,Lebanon,23954,Balamand University,66,AirGradient,FALSE,Non-reference / air sensor,FALSE,34.4088,36.3917,7,Unknown AirGradient Sensor,1,14921646,https://explore.openaq.org/locations/6168965,Asia,Lebanon,LB
6170401,Ain Dara Water Factory,,Asia/Beirut,13,LB,Lebanon,23954,Balamand University,66,AirGradient,FALSE,Non-reference / air sensor,FALSE,33.7859,35.7431,24,AirGradient Open Air Generation 1 (O-1PST),1,14932179,https://explore.openaq.org/locations/6170401,Asia,Lebanon,LB
6193862,Red Cross Zahle,,Asia/Beirut,13,LB,Lebanon,23954,Balamand University,66,AirGradient,FALSE,Non-reference / air sensor,FALSE,33.843579,35.90275,24,AirGradient Open Air Generation 1 (O-1PST),1,15107464,https://explore.openaq.org/locations/6193862,Asia,Lebanon,LB
6203209,GLFL,,Asia/Beirut,13,LB,Lebanon,23954,Balamand University,66,AirGradient,FALSE,Non-reference / air sensor,FALSE,33.8825,35.5155,7,Unknown AirGradient Sensor,1,15175969,https://explore.openaq.org/locations/6203209,Asia,Lebanon,LB
6208210,St.Charbel College - Jiyeh,,Asia/Beirut,13,LB,Lebanon,23954,Balamand University,66,AirGradient,FALSE,Non-reference / air sensor,FALSE,33.6655,35.4257,7,Unknown AirGradient Sensor,1,15212228,https://explore.openaq.org/locations/6208210,Asia,Lebanon,LB
6208211,Hariri Foundation - OLA,,Asia/Beirut,13,LB,Lebanon,23954,Balamand University,66,AirGradient,FALSE,Non-reference / air sensor,FALSE,33.5637,35.3714,7,Unknown AirGradient Sensor,1,15212536,https://explore.openaq.org/locations/6208211,Asia,Lebanon,LB
6208255,Hariri Foundation - Hlalieh,,Asia/Beirut,13,LB,Lebanon,23954,Balamand University,66,AirGradient,FALSE,Non-reference / air sensor,FALSE,33.5634,35.3906,24,AirGradient Open Air Generation 1 (O-1PST),1,15212541,https://explore.openaq.org/locations/6208255,Asia,Lebanon,LB
6208397, Hariri Foundation - NSA,,Asia/Beirut,13,LB,Lebanon,23954,Balamand University,66,AirGradient,FALSE,Non-reference / air sensor,FALSE,33.5823,35.3891,24,AirGradient Open Air Generation 1 (O-1PST),1,15213558,https://explore.openaq.org/locations/6208397,Asia,Lebanon,LB
6208398,Hariri Foundation - Bcosta,,Asia/Beirut,13,LB,Lebanon,23954,Balamand University,66,AirGradient,FALSE,Non-reference / air sensor,FALSE,33.5678,35.4168,24,AirGradient Open Air Generation 1 (O-1PST),1,15213563,https://explore.openaq.org/locations/6208398,Asia,Lebanon,LB
6208399,Hariri High School - Hajj Bahaa,,Asia/Beirut,13,LB,Lebanon,23954,Balamand University,66,AirGradient,FALSE,Non-reference / air sensor,FALSE,33.5526,35.3724,24,AirGradient Open Air Generation 1 (O-1PST),1,15213568,https://explore.openaq.org/locations/6208399,Asia,Lebanon,LB
6221114,GLFL,,Asia/Beirut,13,LB,Lebanon,23954,Balamand University,66,AirGradient,FALSE,Non-reference / air sensor,FALSE,33.8825,35.5155,7,Unknown AirGradient Sensor,1,15307272,https://explore.openaq.org/locations/6221114,Asia,Lebanon,LB
6270421,AEC,,Asia/Beirut,13,LB,Lebanon,12,AirGradient,66,AirGradient,FALSE,Non-reference / air sensor,FALSE,33.9219,35.5882,7,Unknown AirGradient Sensor,1,15679625,https://explore.openaq.org/locations/6270421,Asia,Lebanon,LB
6276165,NDN,,Asia/Beirut,13,LB,Lebanon,23954,Balamand University,66,AirGradient,FALSE,Non-reference / air sensor,FALSE,33.8857,35.5131,7,Unknown AirGradient Sensor,1,15714992,https://explore.openaq.org/locations/6276165,Asia,Lebanon,LB
6283107,HMC,,Asia/Beirut,13,LB,Lebanon,23954,Balamand University,66,AirGradient,FALSE,Non-reference / air sensor,FALSE,34.0202,35.6485,7,Unknown AirGradient Sensor,1,15765907,https://explore.openaq.org/locations/6283107,Asia,Lebanon,LB
6349901,Remedy,,Asia/Beirut,13,LB,Lebanon,12,AirGradient,66,AirGradient,FALSE,Non-reference / air sensor,FALSE,34.5525,36.0757,7,Unknown AirGradient Sensor,1,16266122,https://explore.openaq.org/locations/6349901,Asia,Lebanon,LB
6350036,NDP,,Asia/Beirut,13,LB,Lebanon,12,AirGradient,66,AirGradient,FALSE,Non-reference / air sensor,FALSE,34.5674,36.2615,7,Unknown AirGradient Sensor,1,16268143,https://explore.openaq.org/locations/6350036,Asia,Lebanon,LB
6355495,St.Famille,,Asia/Beirut,13,LB,Lebanon,12,AirGradient,66,AirGradient,FALSE,Non-reference / air sensor,FALSE,33.9934,35.6362,7,Unknown AirGradient Sensor,1,16307960,https://explore.openaq.org/locations/6355495,Asia,Lebanon,LB
6417996,HTC Zahle,,Asia/Beirut,13,LB,Lebanon,12,AirGradient,66,AirGradient,FALSE,Non-reference / air sensor,FALSE,33.8373,35.9019,7,Unknown AirGradient Sensor,1,16728985,https://explore.openaq.org/locations/6417996,Asia,Lebanon,LB
6443368,DRR_TYR,,Asia/Beirut,13,LB,Lebanon,12,AirGradient,66,AirGradient,FALSE,Non-reference / air sensor,FALSE,33.2588,35.2135,7,Unknown AirGradient Sensor,1,16914713,https://explore.openaq.org/locations/6443368,Asia,Lebanon,LB
6444384,DRR_HQ,,Asia/Beirut,13,LB,Lebanon,12,AirGradient,66,AirGradient,FALSE,Non-reference / air sensor,FALSE,33.8538,35.5398,7,Unknown AirGradient Sensor,1,16922158,https://explore.openaq.org/locations/6444384,Asia,Lebanon,LB
6444465,CNRS,,Asia/Beirut,13,LB,Lebanon,12,AirGradient,66,AirGradient,FALSE,Non-reference / air sensor,FALSE,33.8713,35.4928,7,Unknown AirGradient Sensor,1,16922748,https://explore.openaq.org/locations/6444465,Asia,Lebanon,LB
6446726,LRC_Falougha,,Asia/Beirut,13,LB,Lebanon,12,AirGradient,66,AirGradient,FALSE,Non-reference / air sensor,FALSE,33.8376,35.7405,7,Unknown AirGradient Sensor,1,16938639,https://explore.openaq.org/locations/6446726,Asia,Lebanon,LB
3293767,"Lamaní Instituto, Comayagua - Sustenta Honduras",,America/Tegucigalpa,136,HN,Honduras,11266,Sustenta Honduras,66,AirGradient,FALSE,Non-reference / air sensor,FALSE,14.1982759,-87.6259912,7,Unknown AirGradient Sensor,1,11487222,https://explore.openaq.org/locations/3293767,North America,Honduras,HN
3294183,"Lamaní Tablazón, Comayagua - Sustenta Honduras ",,America/Tegucigalpa,136,HN,Honduras,11266,Sustenta Honduras,66,AirGradient,FALSE,Non-reference / air sensor,FALSE,14.1434025,-87.6402344,7,Unknown AirGradient Sensor,1,11490210,https://explore.openaq.org/locations/3294183,North America,Honduras,HN
3459201,"Dulce Nombre de Culmí, Olancho - Sustenta Honduras",,America/Tegucigalpa,136,HN,Honduras,11266,Sustenta Honduras,66,AirGradient,FALSE,Non-reference / air sensor,FALSE,15.0842959,-85.5583524,7,Unknown AirGradient Sensor,1,12277626,https://explore.openaq.org/locations/3459201,North America,Honduras,HN
3543965,"El Negrito, Yoro - Sustenta Honduras",,America/Tegucigalpa,136,HN,Honduras,11266,Sustenta Honduras,66,AirGradient,FALSE,Non-reference / air sensor,FALSE,15.3129054,-87.6982085,7,Unknown AirGradient Sensor,1,12347042,https://explore.openaq.org/locations/3543965,North America,Honduras,HN
3544957,"Santa Rita, Yoro - Sustenta Honduras",,America/Tegucigalpa,136,HN,Honduras,11266,Sustenta Honduras,66,AirGradient,FALSE,Non-reference / air sensor,FALSE,15.207804,-87.8769283,7,Unknown AirGradient Sensor,1,12348263,https://explore.openaq.org/locations/3544957,North America,Honduras,HN
3789589,"Danlí, El Paraiso - Sustenta Honduras",,America/Tegucigalpa,136,HN,Honduras,11266,Sustenta Honduras,66,AirGradient,FALSE,Non-reference / air sensor,FALSE,14.0363553,-86.5762886,7,Unknown AirGradient Sensor,1,12552934,https://explore.openaq.org/locations/3789589,North America,Honduras,HN
3801453,"Zamorano IAD, Francisco Morazán - Sustenta Honduras",,America/Tegucigalpa,136,HN,Honduras,11266,Sustenta Honduras,66,AirGradient,FALSE,Non-reference / air sensor,FALSE,14.0150475,-87.0029999,7,Unknown AirGradient Sensor,1,12554157,https://explore.openaq.org/locations/3801453,North America,Honduras,HN
4282973,"Tela Marine Acuario, Atlantida - Sustenta Honduras",,America/Tegucigalpa,136,HN,Honduras,11266,Sustenta Honduras,66,AirGradient,FALSE,Non-reference / air sensor,FALSE,15.7682565733092,-87.4596104747893,7,Unknown AirGradient Sensor,1,14152720,https://explore.openaq.org/locations/4282973,North America,Honduras,HN
4282974,"Saba, Colon - Sustenta Honduras",,America/Tegucigalpa,136,HN,Honduras,11266,Sustenta Honduras,66,AirGradient,FALSE,Non-reference / air sensor,FALSE,15.5144759537763,-86.2301306747925,1,N/A,1,14152725,https://explore.openaq.org/locations/4282974,North America,Honduras,HN
4282975,Guapinol - Sustenta Honduras,,America/Tegucigalpa,136,HN,Honduras,11266,Sustenta Honduras,66,AirGradient,FALSE,Non-reference / air sensor,FALSE,15.636502,-86.034667,1,N/A,1,16852526,https://explore.openaq.org/locations/4282975,North America,Honduras,HN
4282976,"Gualaco, Olancho - Sustenta Honduras",,America/Tegucigalpa,136,HN,Honduras,11266,Sustenta Honduras,66,AirGradient,FALSE,Non-reference / air sensor,FALSE,15.0242971360398,-86.0697914304744,7,Unknown AirGradient Sensor,1,14152735,https://explore.openaq.org/locations/4282976,North America,Honduras,HN
4302572,Instituto Polivalente San Esteban - Sustenta Honduras,,America/Tegucigalpa,136,HN,Honduras,12,AirGradient,66,AirGradient,FALSE,Non-reference / air sensor,FALSE,15.2166244188929,-85.7727332919859,7,Unknown AirGradient Sensor,1,16809077,https://explore.openaq.org/locations/4302572,North America,Honduras,HN
4659026,"La Ceiba, Atlantida - Sustenta Honduras",,America/Tegucigalpa,136,HN,Honduras,11266,Sustenta Honduras,66,AirGradient,FALSE,Non-reference / air sensor,FALSE,15.7857972,-86.7848602,7,Unknown AirGradient Sensor,1,14798892,https://explore.openaq.org/locations/4659026,North America,Honduras,HN
4773413,"El Negrito, Yoro - Sustenta Honduras",,America/Tegucigalpa,136,HN,Honduras,11266,Sustenta Honduras,66,AirGradient,FALSE,Non-reference / air sensor,FALSE,15.3128333,-87.6981111,7,Unknown AirGradient Sensor,1,13353544,https://explore.openaq.org/locations/4773413,North America,Honduras,HN
4808366,"Copán Ruinas, Copan - Sustenta Honduras",,America/Tegucigalpa,136,HN,Honduras,11266,Sustenta Honduras,66,AirGradient,FALSE,Non-reference / air sensor,FALSE,14.851743,-89.150757,7,Unknown AirGradient Sensor,1,13381552,https://explore.openaq.org/locations/4808366,North America,Honduras,HN
4808367,Tocoa,,America/Tegucigalpa,136,HN,Honduras,11266,Sustenta Honduras,66,AirGradient,FALSE,Non-reference / air sensor,FALSE,15.658,-85.993,1,N/A,1,14152730,https://explore.openaq.org/locations/4808367,North America,Honduras,HN
4808368,"Corozal, Atlantida - Sustenta Honduras",,America/Tegucigalpa,136,HN,Honduras,11266,Sustenta Honduras,66,AirGradient,FALSE,Non-reference / air sensor,FALSE,15.784704,-86.681862,7,Unknown AirGradient Sensor,1,13381547,https://explore.openaq.org/locations/4808368,North America,Honduras,HN
4959160,"Cantarranas, Francisco Morazán - Sustenta Honduras",,America/Tegucigalpa,136,HN,Honduras,11266,Sustenta Honduras,66,AirGradient,FALSE,Non-reference / air sensor,FALSE,14.2630112,-87.0275666,7,Unknown AirGradient Sensor,1,13512803,https://explore.openaq.org/locations/4959160,North America,Honduras,HN
4959162,"Colonia Country, Distrito Central - Sustenta Honduras",,America/Tegucigalpa,136,HN,Honduras,11266,Sustenta Honduras,66,AirGradient,FALSE,Non-reference / air sensor,FALSE,14.0918171,-87.2221065,7,Unknown AirGradient Sensor,1,14778667,https://explore.openaq.org/locations/4959162,North America,Honduras,HN
5133562,"Colonia Los Pinos, Distrito Central - Sustenta Honduras",,America/Tegucigalpa,136,HN,Honduras,11266,Sustenta Honduras,66,AirGradient,FALSE,Non-reference / air sensor,FALSE,14.0497318,-87.1717414,1,N/A,1,14153278,https://explore.openaq.org/locations/5133562,North America,Honduras,HN
5341938,"Catacamas, Olancho - Sustenta Honduras",,America/Tegucigalpa,136,HN,Honduras,11266,Sustenta Honduras,66,AirGradient,FALSE,Non-reference / air sensor,FALSE,14.8295762,-85.8462017,7,Unknown AirGradient Sensor,1,14159092,https://explore.openaq.org/locations/5341938,North America,Honduras,HN
5456449,"Roatan RMP, Islas de la Bahia - Sustenta Honduras",,America/Tegucigalpa,136,HN,Honduras,11266,Sustenta Honduras,66,AirGradient,FALSE,Non-reference / air sensor,FALSE,16.3050969,-86.5934014,7,Unknown AirGradient Sensor,1,13878590,https://explore.openaq.org/locations/5456449,North America,Honduras,HN
5491203,"UNITEC, San Pedro Sula - Sustenta Honduras",,America/Tegucigalpa,136,HN,Honduras,11266,Sustenta Honduras,66,AirGradient,FALSE,Non-reference / air sensor,FALSE,15.5630159,-88.0233766,7,Unknown AirGradient Sensor,1,14677281,https://explore.openaq.org/locations/5491203,North America,Honduras,HN
6118703,"La Paz, La Paz - Sustenta Honduras",,America/Tegucigalpa,136,HN,Honduras,11266,Sustenta Honduras,66,AirGradient,FALSE,Non-reference / air sensor,FALSE,14.3262901,-87.6836855,24,AirGradient Open Air Generation 1 (O-1PST),1,14547558,https://explore.openaq.org/locations/6118703,North America,Honduras,HN
6120343,"El Rosario, Comayagua - Sustenta Honduras",,America/Tegucigalpa,136,HN,Honduras,11266,Sustenta Honduras,66,AirGradient,FALSE,Non-reference / air sensor,FALSE,14.5817975,-87.7251773,24,AirGradient Open Air Generation 1 (O-1PST),1,14559791,https://explore.openaq.org/locations/6120343,North America,Honduras,HN
6120344,"Villa de San Antonio, Comayagua - Sustenta Honduras",,America/Tegucigalpa,136,HN,Honduras,11266,Sustenta Honduras,66,AirGradient,FALSE,Non-reference / air sensor,FALSE,14.3222632,-87.6149791,7,Unknown AirGradient Sensor,1,14559796,https://explore.openaq.org/locations/6120344,North America,Honduras,HN
6120413,"Comayagua, Comayagua - Sustenta Honduras",,America/Tegucigalpa,136,HN,Honduras,11266,Sustenta Honduras,66,AirGradient,FALSE,Non-reference / air sensor,FALSE,14.4841296,-87.6698199,24,AirGradient Open Air Generation 1 (O-1PST),1,14560566,https://explore.openaq.org/locations/6120413,North America,Honduras,HN
6121466,"Márcala, La Paz - Sustenta Honduras",,America/Tegucigalpa,136,HN,Honduras,11266,Sustenta Honduras,66,AirGradient,FALSE,Non-reference / air sensor,FALSE,14.1536365,-88.0346077,24,AirGradient Open Air Generation 1 (O-1PST),1,14569557,https://explore.openaq.org/locations/6121466,North America,Honduras,HN
6136411,"Nacaome, Valle - Sustenta Honduras",,America/Tegucigalpa,136,HN,Honduras,12,AirGradient,66,AirGradient,FALSE,Non-reference / air sensor,FALSE,13.5308899,-87.5032728,24,AirGradient Open Air Generation 1 (O-1PST),1,14678325,https://explore.openaq.org/locations/6136411,North America,Honduras,HN
6136547,"Choluteca, Choluteca - Sustenta Honduras",,America/Tegucigalpa,136,HN,Honduras,11266,Sustenta Honduras,66,AirGradient,FALSE,Non-reference / air sensor,FALSE,13.3135298,-87.1583524,24,AirGradient Open Air Generation 1 (O-1PST),1,14679337,https://explore.openaq.org/locations/6136547,North America,Honduras,HN
6153920,"Camara de Comercio e Industrias de Cortes, San Pedro Sula - Sustenta Honduras/CIPOTES",,America/Tegucigalpa,136,HN,Honduras,11266,Sustenta Honduras,66,AirGradient,FALSE,Non-reference / air sensor,FALSE,15.5277424,-88.0167924,24,AirGradient Open Air Generation 1 (O-1PST),1,14808933,https://explore.openaq.org/locations/6153920,North America,Honduras,HN
6157096,"Colonia Moderna, San Pedro Sula - Sustenta Honduras/CIPOTES",,America/Tegucigalpa,136,HN,Honduras,11266,Sustenta Honduras,66,AirGradient,FALSE,Non-reference / air sensor,FALSE,15.508856,-88.0419341,24,AirGradient Open Air Generation 1 (O-1PST),1,14832998,https://explore.openaq.org/locations/6157096,North America,Honduras,HN
6159625,"Jesus de Otoro, Intibuca - Sustenta Honduras",,America/Tegucigalpa,136,HN,Honduras,11266,Sustenta Honduras,66,AirGradient,FALSE,Non-reference / air sensor,FALSE,14.4867924,-87.982486,7,Unknown AirGradient Sensor,1,14851846,https://explore.openaq.org/locations/6159625,North America,Honduras,HN
6159735,"Intibuca, Intibuca - Sustenta Honduras",,America/Tegucigalpa,136,HN,Honduras,11266,Sustenta Honduras,66,AirGradient,FALSE,Non-reference / air sensor,FALSE,14.3366542,-88.166749,24,AirGradient Open Air Generation 1 (O-1PST),1,14852666,https://explore.openaq.org/locations/6159735,North America,Honduras,HN
6159776,"Moroceli, El Paraiso - Sustenta Honduras",,America/Tegucigalpa,136,HN,Honduras,11266,Sustenta Honduras,66,AirGradient,FALSE,Non-reference / air sensor,FALSE,14.125475,-86.866215,7,Unknown AirGradient Sensor,1,14852959,https://explore.openaq.org/locations/6159776,North America,Honduras,HN
6159856,"Yamaranguila, Intibuca - Sustenta Honduras",,America/Tegucigalpa,136,HN,Honduras,11266,Sustenta Honduras,66,AirGradient,FALSE,Non-reference / air sensor,FALSE,14.2985017,-88.2445676,24,AirGradient Open Air Generation 1 (O-1PST),1,14853526,https://explore.openaq.org/locations/6159856,North America,Honduras,HN
6161212,"Gracias, Lempira - Sustenta Honduras",,America/Tegucigalpa,136,HN,Honduras,11266,Sustenta Honduras,66,AirGradient,FALSE,Non-reference / air sensor,FALSE,14.566326,-88.618866,24,AirGradient Open Air Generation 1 (O-1PST),1,14863670,https://explore.openaq.org/locations/6161212,North America,Honduras,HN
6161403,"Las Flores, Lempira - Sustenta Honduras",,America/Tegucigalpa,136,HN,Honduras,11266,Sustenta Honduras,66,AirGradient,FALSE,Non-reference / air sensor,FALSE,14.7069498,-88.626029,24,AirGradient Open Air Generation 1 (O-1PST),1,14865081,https://explore.openaq.org/locations/6161403,North America,Honduras,HN
6217881,"Marcovia, Choluteca - Sustenta Honduras",,America/Tegucigalpa,136,HN,Honduras,11266,Sustenta Honduras,66,AirGradient,FALSE,Non-reference / air sensor,FALSE,13.2870506,-87.3141073,7,Unknown AirGradient Sensor,1,15283588,https://explore.openaq.org/locations/6217881,North America,Honduras,HN
6218956,"Villanueva, Cortes - Sustenta Honduras/ Cipotes",,America/Tegucigalpa,136,HN,Honduras,12,AirGradient,66,AirGradient,FALSE,Non-reference / air sensor,FALSE,15.314655,-87.994871,7,Unknown AirGradient Sensor,1,15291215,https://explore.openaq.org/locations/6218956,North America,Honduras,HN
6223216,"Trinidad, Santa Barbara - Sustenta Honduras",,America/Tegucigalpa,136,HN,Honduras,11266,Sustenta Honduras,66,AirGradient,FALSE,Non-reference / air sensor,FALSE,15.142876,-88.232857,7,Unknown AirGradient Sensor,1,15320249,https://explore.openaq.org/locations/6223216,North America,Honduras,HN
6223418,"Macuelizo, Santa Barbara - Sustenta Honduras",,America/Tegucigalpa,136,HN,Honduras,11266,Sustenta Honduras,66,AirGradient,FALSE,Non-reference / air sensor,FALSE,15.3127,-88.540833,7,Unknown AirGradient Sensor,1,15321747,https://explore.openaq.org/locations/6223418,North America,Honduras,HN
6223683,"Santa Bárbara, Santa Bárbara - Sustenta Honduras",,America/Tegucigalpa,136,HN,Honduras,12,AirGradient,66,AirGradient,FALSE,Non-reference / air sensor,FALSE,14.918527,-88.235252,7,Unknown AirGradient Sensor,1,15323758,https://explore.openaq.org/locations/6223683,North America,Honduras,HN
6223817,"San Francisco de Ojuera, Santa Bárbara - Sustenta Honduras",,America/Tegucigalpa,136,HN,Honduras,11266,Sustenta Honduras,66,AirGradient,FALSE,Non-reference / air sensor,FALSE,14.749518,-88.19149,7,Unknown AirGradient Sensor,1,15324783,https://explore.openaq.org/locations/6223817,North America,Honduras,HN
6226050,"Nacaome, Valle - Sustenta Honduras",,America/Tegucigalpa,136,HN,Honduras,11266,Sustenta Honduras,66,AirGradient,FALSE,Non-reference / air sensor,FALSE,13.419309,-87.447418,7,Unknown AirGradient Sensor,1,15341768,https://explore.openaq.org/locations/6226050,North America,Honduras,HN
6229589,"Antares, (Florencia Norte), Francisco Morazan   - Sustenta Honduras",,America/Tegucigalpa,136,HN,Honduras,11266,Sustenta Honduras,66,AirGradient,FALSE,Non-reference / air sensor,FALSE,14.08482,-87.1755008,7,Unknown AirGradient Sensor,1,15368196,https://explore.openaq.org/locations/6229589,North America,Honduras,HN
6230771,"Talanga, Francisco Morazan - Sustenta Honduras",,America/Tegucigalpa,136,HN,Honduras,11266,Sustenta Honduras,66,AirGradient,FALSE,Non-reference / air sensor,FALSE,14.4198163,-87.081885,7,Unknown AirGradient Sensor,1,15376880,https://explore.openaq.org/locations/6230771,North America,Honduras,HN
6238786,"ICF SPS, San Pedro Sula, Cortes - Sustenta Honduras/CIPOTES",,America/Tegucigalpa,136,HN,Honduras,12,AirGradient,66,AirGradient,FALSE,Non-reference / air sensor,FALSE,15.476141,-87.997658,7,Unknown AirGradient Sensor,1,15436543,https://explore.openaq.org/locations/6238786,North America,Honduras,HN
6250431,"Choloma, Cortes - Sustenta Honduras/CIPOTES",,America/Tegucigalpa,136,HN,Honduras,12,AirGradient,66,AirGradient,FALSE,Non-reference / air sensor,FALSE,15.611398,-87.9512117,7,Unknown AirGradient Sensor,1,15523122,https://explore.openaq.org/locations/6250431,North America,Honduras,HN
6250432,"Puerto Cortes, Cortes - Sustenta Honduras/CIPOTES",,America/Tegucigalpa,136,HN,Honduras,11266,Sustenta Honduras,66,AirGradient,FALSE,Non-reference / air sensor,FALSE,15.826055,-87.925547,7,Unknown AirGradient Sensor,1,15523127,https://explore.openaq.org/locations/6250432,North America,Honduras,HN
6268563,Texiguat,,America/Tegucigalpa,136,HN,Honduras,12,AirGradient,66,AirGradient,FALSE,Non-reference / air sensor,FALSE,13.6495942,-87.0221525,7,Unknown AirGradient Sensor,1,15658709,https://explore.openaq.org/locations/6268563,North America,Honduras,HN
6269698,"El Progreso, Yoro",,America/Tegucigalpa,136,HN,Honduras,11266,Sustenta Honduras,66,AirGradient,FALSE,Non-reference / air sensor,FALSE,15.3941582,-87.8081608,7,Unknown AirGradient Sensor,1,15667198,https://explore.openaq.org/locations/6269698,North America,Honduras,HN
6298457,Olanchito,,America/Tegucigalpa,136,HN,Honduras,12,AirGradient,66,AirGradient,FALSE,Non-reference / air sensor,FALSE,15.4838808017864,-86.5646049807521,7,Unknown AirGradient Sensor,1,15880984,https://explore.openaq.org/locations/6298457,North America,Honduras,HN
6303069,"San Manuel, Cortes - Sustenta Honduras/CIPOTES",,America/Tegucigalpa,136,HN,Honduras,11266,Sustenta Honduras,66,AirGradient,FALSE,Non-reference / air sensor,FALSE,15.333702,-87.918221,7,Unknown AirGradient Sensor,1,15915985,https://explore.openaq.org/locations/6303069,North America,Honduras,HN
6313768,"Ocotepeque, Ocotepeque",,America/Tegucigalpa,136,HN,Honduras,11266,Sustenta Honduras,66,AirGradient,FALSE,Non-reference / air sensor,FALSE,14.637171,-89.114738,7,Unknown AirGradient Sensor,1,15997190,https://explore.openaq.org/locations/6313768,North America,Honduras,HN
6321016,"IBANS, C.T.I, Rayaka, Gracias a Dios - Sustenta Honduras",,America/Tegucigalpa,136,HN,Honduras,12,AirGradient,66,AirGradient,FALSE,Non-reference / air sensor,FALSE,15.907642,-84.81002,7,Unknown AirGradient Sensor,1,16050401,https://explore.openaq.org/locations/6321016,North America,Honduras,HN
6321902,"Lepaterique, Francisco Morazan - Sustenta Honduras",,America/Tegucigalpa,136,HN,Honduras,12,AirGradient,66,AirGradient,FALSE,Non-reference / air sensor,FALSE,14.063709,-87.471481,7,Unknown AirGradient Sensor,1,16056765,https://explore.openaq.org/locations/6321902,North America,Honduras,HN
6327637,UMA- Olanchito,,America/Tegucigalpa,136,HN,Honduras,12,AirGradient,66,AirGradient,FALSE,Non-reference / air sensor,FALSE,15.4813,-86.5742,7,Unknown AirGradient Sensor,1,16099902,https://explore.openaq.org/locations/6327637,North America,Honduras,HN
6378473,"La Entrada, Copan - Sustenta Honduras",,America/Tegucigalpa,136,HN,Honduras,12,AirGradient,66,AirGradient,FALSE,Non-reference / air sensor,FALSE,15.0564574,-88.7501315,7,Unknown AirGradient Sensor,1,16436987,https://explore.openaq.org/locations/6378473,North America,Honduras,HN
352508,Kinshasa,N/A,Africa/Kinshasa,32,CD,Democratic Republic of the Congo,4,Unknown Governmental Organization,119,AirNow,TRUE,Reference monitor,FALSE,-4.300578,15.313658,2,Government Monitor,1,2002531,https://explore.openaq.org/locations/352508,Africa,Democratic Republic of the Congo,CD
3653523,KINAQ Kimwenza,,Africa/Kinshasa,32,CD,Democratic Republic of the Congo,11439,KINAQ,66,AirGradient,FALSE,Non-reference / air sensor,FALSE,-4.46958679191975,15.2731914828505,24,AirGradient Open Air Generation 1 (O-1PST),1,12503414,https://explore.openaq.org/locations/3653523,Africa,Democratic Republic of the Congo,CD
3700227,KINAQ Masiala,,Africa/Kinshasa,32,CD,Democratic Republic of the Congo,11439,KINAQ,66,AirGradient,FALSE,Non-reference / air sensor,FALSE,-4.37001940007118,15.2487487941226,7,Unknown AirGradient Sensor,1,12503419,https://explore.openaq.org/locations/3700227,Africa,Democratic Republic of the Congo,CD
3750766,KINAQ UPN,,Africa/Kinshasa,32,CD,Democratic Republic of the Congo,11439,KINAQ,66,AirGradient,FALSE,Non-reference / air sensor,FALSE,-4.39785,15.25848,7,Unknown AirGradient Sensor,1,12513804,https://explore.openaq.org/locations/3750766,Africa,Democratic Republic of the Congo,CD
3838823,KINAQ Huilleries,,Africa/Kinshasa,32,CD,Democratic Republic of the Congo,11439,KINAQ,66,AirGradient,FALSE,Non-reference / air sensor,FALSE,-4.3116352271371,15.3034546120206,7,Unknown AirGradient Sensor,1,12586108,https://explore.openaq.org/locations/3838823,Africa,Democratic Republic of the Congo,CD
3844009,KINAQ Gare Centrale,,Africa/Kinshasa,32,CD,Democratic Republic of the Congo,11439,KINAQ,66,AirGradient,FALSE,Non-reference / air sensor,FALSE,-4.30353,15.31421,7,Unknown AirGradient Sensor,1,12590175,https://explore.openaq.org/locations/3844009,Africa,Democratic Republic of the Congo,CD
3858835,KINAQ Kalembelembe,,Africa/Kinshasa,32,CD,Democratic Republic of the Congo,11439,KINAQ,66,AirGradient,FALSE,Non-reference / air sensor,FALSE,-4.32453608278304,15.3031395053753,7,Unknown AirGradient Sensor,1,12602644,https://explore.openaq.org/locations/3858835,Africa,Democratic Republic of the Congo,CD
3862442,KINAQ Cité Verte,,Africa/Kinshasa,32,CD,Democratic Republic of the Congo,11439,KINAQ,66,AirGradient,FALSE,Non-reference / air sensor,FALSE,-4.44431,15.25749,7,Unknown AirGradient Sensor,1,12605109,https://explore.openaq.org/locations/3862442,Africa,Democratic Republic of the Congo,CD
3874915,KINAQ BelAir,,Africa/Kinshasa,32,CD,Democratic Republic of the Congo,11439,KINAQ,66,AirGradient,FALSE,Non-reference / air sensor,FALSE,-4.435699,15.275384,24,AirGradient Open Air Generation 1 (O-1PST),1,12619511,https://explore.openaq.org/locations/3874915,Africa,Democratic Republic of the Congo,CD
3918624,KINAQ Limete,,Africa/Kinshasa,32,CD,Democratic Republic of the Congo,11439,KINAQ,66,AirGradient,FALSE,Non-reference / air sensor,FALSE,-4.36597,15.3437,7,Unknown AirGradient Sensor,1,12650605,https://explore.openaq.org/locations/3918624,Africa,Democratic Republic of the Congo,CD
4615778,Kintambo,,Africa/Kinshasa,32,CD,Democratic Republic of the Congo,11439,KINAQ,66,AirGradient,FALSE,Non-reference / air sensor,FALSE,-4.33231132264481,15.254485580805,24,AirGradient Open Air Generation 1 (O-1PST),1,13236408,https://explore.openaq.org/locations/4615778,Africa,Democratic Republic of the Congo,CD
6301642,WASARU ASBL / KINAQ Lemba,,Africa/Kinshasa,32,CD,Democratic Republic of the Congo,12,AirGradient,66,AirGradient,FALSE,Non-reference / air sensor,FALSE,-4.40061,15.31654,7,Unknown AirGradient Sensor,1,15905149,https://explore.openaq.org/locations/6301642,Africa,Democratic Republic of the Congo,CD
6341934,WASARU,,Africa/Kinshasa,32,CD,Democratic Republic of the Congo,12,AirGradient,66,AirGradient,FALSE,Non-reference / air sensor,FALSE,-4.311003,15.302819,7,Unknown AirGradient Sensor,1,16206445,https://explore.openaq.org/locations/6341934,Africa,Democratic Republic of the Congo,CD
6341980,WASARU / KINAQ Huilleries,,Africa/Kinshasa,32,CD,Democratic Republic of the Congo,12,AirGradient,66,AirGradient,FALSE,Non-reference / air sensor,FALSE,-4.31158,15.30355,7,Unknown AirGradient Sensor,1,16206788,https://explore.openaq.org/locations/6341980,Africa,Democratic Republic of the Congo,CD
1001782,APPCXFGP,,Africa/Banjul,166,GM,The Gambia,6,Unknown Community Organization,166,Clarity,FALSE,Non-reference / air sensor,FALSE,13.4455556,-16.675,4,Clarity Sensor,1,2087949,https://explore.openaq.org/locations/1001782,Africa,The Gambia,GM
4095690,Permian Health- Bertil Harding Hwy,,Africa/Banjul,166,GM,The Gambia,11958,Permian Health The Lung Institute,15,IQAir,FALSE,Non-reference / air sensor,FALSE,13.4614,-16.6752,17,AirVisual,1,12821028,https://explore.openaq.org/locations/4095690,Africa,The Gambia,GM
4095691,Permian Health- Jaliba Junction,,Africa/Banjul,166,GM,The Gambia,11958,Permian Health The Lung Institute,15,IQAir,FALSE,Non-reference / air sensor,FALSE,13.2808,-16.6551,17,AirVisual,1,12821025,https://explore.openaq.org/locations/4095691,Africa,The Gambia,GM
4095692,Bakoteh Landfill,,Africa/Banjul,166,GM,The Gambia,11958,Permian Health The Lung Institute,15,IQAir,FALSE,Non-reference / air sensor,FALSE,13.4386,-16.6995,17,AirVisual,1,12873324,https://explore.openaq.org/locations/4095692,Africa,The Gambia,GM
4095693,Westfield Youth Monument,,Africa/Banjul,166,GM,The Gambia,11958,Permian Health The Lung Institute,15,IQAir,FALSE,Non-reference / air sensor,FALSE,13.445217,-16.675156,17,AirVisual,1,12873322,https://explore.openaq.org/locations/4095693,Africa,The Gambia,GM
4095694,"McCarthy Square, Banjul",,Africa/Banjul,166,GM,The Gambia,11958,Permian Health The Lung Institute,15,IQAir,FALSE,Non-reference / air sensor,FALSE,13.45445,-16.57355,17,AirVisual,1,12821029,https://explore.openaq.org/locations/4095694,Africa,The Gambia,GM
4095695,"Permian Health/NEA Soma, Lower River Region",,Africa/Banjul,166,GM,The Gambia,11958,Permian Health The Lung Institute,15,IQAir,FALSE,Non-reference / air sensor,FALSE,13.4417,-15.5353,17,AirVisual,1,12821030,https://explore.openaq.org/locations/4095695,Africa,The Gambia,GM
4095696,"Farafenni, North Bank Region",,Africa/Banjul,166,GM,The Gambia,11958,Permian Health The Lung Institute,15,IQAir,FALSE,Non-reference / air sensor,FALSE,13.5716,-15.5958,17,AirVisual,1,12873323,https://explore.openaq.org/locations/4095696,Africa,The Gambia,GM
4095697,"Brikama Ba, Central River Region",,Africa/Banjul,166,GM,The Gambia,11958,Permian Health The Lung Institute,15,IQAir,FALSE,Non-reference / air sensor,FALSE,13.536,-14.9277,17,AirVisual,1,12821027,https://explore.openaq.org/locations/4095697,Africa,The Gambia,GM
4095698,"TAF City, The Gambia",,Africa/Banjul,166,GM,The Gambia,11958,Permian Health The Lung Institute,15,IQAir,FALSE,Non-reference / air sensor,FALSE,13.17941,-16.70753,17,AirVisual,1,12821026,https://explore.openaq.org/locations/4095698,Africa,The Gambia,GM
4095699,Dalaba Estate- TAF Africa Global,,Africa/Banjul,166,GM,The Gambia,11958,Permian Health The Lung Institute,15,IQAir,FALSE,Non-reference / air sensor,FALSE,13.3824,-16.7049,17,AirVisual,1,12821032,https://explore.openaq.org/locations/4095699,Africa,The Gambia,GM
4095700,Brufut Madiba Mall,,Africa/Banjul,166,GM,The Gambia,11958,Permian Health The Lung Institute,15,IQAir,FALSE,Non-reference / air sensor,FALSE,13.3868,-16.765,17,AirVisual,1,12821031,https://explore.openaq.org/locations/4095700,Africa,The Gambia,GM
4095701,Serrekunda Minor Health Center,,Africa/Banjul,166,GM,The Gambia,11958,Permian Health The Lung Institute,15,IQAir,FALSE,Non-reference / air sensor,FALSE,13.4207,-16.6706,17,AirVisual,1,12821034,https://explore.openaq.org/locations/4095701,Africa,The Gambia,GM
4095702,Serekunda Health Center,,Africa/Banjul,166,GM,The Gambia,11958,Permian Health The Lung Institute,15,IQAir,FALSE,Non-reference / air sensor,FALSE,13.4389,-16.6806,17,AirVisual,1,12821033,https://explore.openaq.org/locations/4095702,Africa,The Gambia,GM
4313151,Permian Health-Brusubi,,Africa/Banjul,166,GM,The Gambia,11958,Permian Health The Lung Institute,15,IQAir,FALSE,Non-reference / air sensor,FALSE,13.4033,-16.7227,17,AirVisual,1,13010958,https://explore.openaq.org/locations/4313151,Africa,The Gambia,GM
4313152,Sir Dawda Kairaba Jawara International Conference Center,,Africa/Banjul,166,GM,The Gambia,11958,Permian Health The Lung Institute,15,IQAir,FALSE,Non-reference / air sensor,FALSE,13.43743,-16.722991,17,AirVisual,1,12973507,https://explore.openaq.org/locations/4313152,Africa,The Gambia,GM
4313153,Kartong Bird Observatory,,Africa/Banjul,166,GM,The Gambia,11958,Permian Health The Lung Institute,15,IQAir,FALSE,Non-reference / air sensor,FALSE,13.092,-16.7635,17,AirVisual,1,12973506,https://explore.openaq.org/locations/4313153,Africa,The Gambia,GM
4313154,Karamies Health,,Africa/Banjul,166,GM,The Gambia,11958,Permian Health The Lung Institute,15,IQAir,FALSE,Non-reference / air sensor,FALSE,13.4455,-16.7068,17,AirVisual,1,12973508,https://explore.openaq.org/locations/4313154,Africa,The Gambia,GM
4313155,"Basse Santa Su, Upper River Region",,Africa/Banjul,166,GM,The Gambia,11958,Permian Health The Lung Institute,15,IQAir,FALSE,Non-reference / air sensor,FALSE,13.3109,-14.2123,17,AirVisual,1,12973509,https://explore.openaq.org/locations/4313155,Africa,The Gambia,GM
5144382,"Regional Health Directorate, Western-2",,Africa/Banjul,166,GM,The Gambia,13199,Saikou Camara,66,AirGradient,FALSE,Non-reference / air sensor,FALSE,13.2771189,-16.6511078,24,AirGradient Open Air Generation 1 (O-1PST),1,14153115,https://explore.openaq.org/locations/5144382,Africa,The Gambia,GM
5516335,Permian Health- Tanji,,Africa/Banjul,166,GM,The Gambia,11958,Permian Health The Lung Institute,15,IQAir,FALSE,Non-reference / air sensor,FALSE,13.3546,-16.7954,17,AirVisual,1,13923464,https://explore.openaq.org/locations/5516335,Africa,The Gambia,GM
5516336,Permian Health Brikama Nema,,Africa/Banjul,166,GM,The Gambia,11958,Permian Health The Lung Institute,15,IQAir,FALSE,Non-reference / air sensor,FALSE,13.2775,-16.6467,17,AirVisual,1,13923467,https://explore.openaq.org/locations/5516336,Africa,The Gambia,GM
5516337,Gunjur Batoh Sateh,,Africa/Banjul,166,GM,The Gambia,11958,Permian Health The Lung Institute,15,IQAir,FALSE,Non-reference / air sensor,FALSE,13.1543,-16.7782,17,AirVisual,1,13923468,https://explore.openaq.org/locations/5516337,Africa,The Gambia,GM
14,SPARTAN - CITEDEF,,America/Argentina/Buenos_Aires,6,AR,Argentina,4,Unknown Governmental Organization,226,Spartan,TRUE,Reference monitor,FALSE,-34.56,-58.506,2,Government Monitor,1,25,https://explore.openaq.org/locations/14,South America,Argentina,AR
225349,Buenos Aires,,America/Argentina/Buenos_Aires,6,AR,Argentina,4,Unknown Governmental Organization,119,AirNow,TRUE,Reference monitor,FALSE,-34.5766,-58.4188,2,Government Monitor,1,1303159,https://explore.openaq.org/locations/225349,South America,Argentina,AR
1212895,EMC I Dock Sud,Buenos Aires,America/Argentina/Buenos_Aires,6,AR,Argentina,4,Unknown Governmental Organization,65,Autoridad de Cuenca Matanza Riachuelo (ACUMAR),TRUE,Reference monitor,FALSE,-34.667375,-58.329231,2,Government Monitor,1,6512234,https://explore.openaq.org/locations/1212895,South America,Argentina,AR
1212896,EMC II La Matanza,Buenos Aires,America/Argentina/Buenos_Aires,6,AR,Argentina,4,Unknown Governmental Organization,65,Autoridad de Cuenca Matanza Riachuelo (ACUMAR),TRUE,Reference monitor,FALSE,-34.883175,-58.682542,2,Government Monitor,1,6514631,https://explore.openaq.org/locations/1212896,South America,Argentina,AR
1285340,SPARTAN - CITEDEF,Buenos Aires,America/Argentina/Buenos_Aires,6,AR,Argentina,4,Unknown Governmental Organization,64,SPARTAN Network,TRUE,Reference monitor,FALSE,-34.5554,-58.5064,2,Government Monitor,1,6566255,https://explore.openaq.org/locations/1285340,South America,Argentina,AR
1385668,AirGradient Saladillo,,America/Argentina/Buenos_Aires,6,AR,Argentina,4,Unknown Governmental Organization,66,AirGradient,FALSE,Non-reference / air sensor,FALSE,-35.646278855827,-59.7868033064225,7,Unknown AirGradient Sensor,1,6690069,https://explore.openaq.org/locations/1385668,South America,Argentina,AR
1392600,AirGradient Saladillo Indoor,,America/Argentina/Buenos_Aires,6,AR,Argentina,4,Unknown Governmental Organization,66,AirGradient,FALSE,Non-reference / air sensor,FALSE,-35.646278855827,-59.7868033064225,7,Unknown AirGradient Sensor,1,6701250,https://explore.openaq.org/locations/1392600,South America,Argentina,AR
1485626,AirGradient Saladillo,,America/Argentina/Buenos_Aires,6,AR,Argentina,4,Unknown Governmental Organization,66,AirGradient,FALSE,Non-reference / air sensor,FALSE,-35.6453938653533,-59.7856713642002,7,Unknown AirGradient Sensor,1,6831443,https://explore.openaq.org/locations/1485626,South America,Argentina,AR
1658093,saladillo_urban_1,,America/Argentina/Buenos_Aires,6,AR,Argentina,4,Unknown Governmental Organization,66,AirGradient,FALSE,Non-reference / air sensor,FALSE,-35.6336723835218,-59.7751651513703,1;7,N/A; Unknown AirGradient Sensor,1,7107254,https://explore.openaq.org/locations/1658093,South America,Argentina,AR
1894631,Argentina EP15 - Saladillo,,America/Argentina/Buenos_Aires,6,AR,Argentina,9,Clarity,166,Clarity,FALSE,Non-reference / air sensor,FALSE,-35.68277,-59.76544,4,Clarity Sensor,1,7466390,https://explore.openaq.org/locations/1894631,South America,Argentina,AR
1894638,"Luciano, Argentina Facultad de Informática UNLP (DISAB7040 → A4QP99VT)",,America/Argentina/Buenos_Aires,6,AR,Argentina,9,Clarity,166,Clarity,FALSE,Non-reference / air sensor,FALSE,-34.903448,-57.937651,4,Clarity Sensor,1,7466355,https://explore.openaq.org/locations/1894638,South America,Argentina,AR
2099180,"La Matanza, Buenos Aires",,America/Argentina/Buenos_Aires,6,AR,Argentina,16700,ACUMAR,66,AirGradient,FALSE,Non-reference / air sensor,FALSE,-34.8810663192978,-58.6828803902207,7,Unknown AirGradient Sensor,1,7696815,https://explore.openaq.org/locations/2099180,South America,Argentina,AR
2798193,EET1_Saladillo,,America/Argentina/Buenos_Aires,6,AR,Argentina,11008,Abid Hussain,66,AirGradient,FALSE,Non-reference / air sensor,FALSE,-35.6442117793875,-59.7833127173438,7,Unknown AirGradient Sensor,1,8929519,https://explore.openaq.org/locations/2798193,South America,Argentina,AR
2847298,Adrogué,,America/Argentina/Buenos_Aires,6,AR,Argentina,16700,ACUMAR,66,AirGradient,FALSE,Non-reference / air sensor,FALSE,-34.794885170263,-58.4014016564257,7,Unknown AirGradient Sensor,1,9224161,https://explore.openaq.org/locations/2847298,South America,Argentina,AR
2847299,"Dock Sud, Buenos Aires",,America/Argentina/Buenos_Aires,6,AR,Argentina,11509,Unknown Person,66,AirGradient,FALSE,Non-reference / air sensor,FALSE,-34.667282,-58.32922,7,Unknown AirGradient Sensor,1,9224148,https://explore.openaq.org/locations/2847299,South America,Argentina,AR
2874879,Saladillo Centro,,America/Argentina/Buenos_Aires,6,AR,Argentina,168,Luciano Lamaita,66,AirGradient,FALSE,Non-reference / air sensor,FALSE,-35.633865585177,-59.7748185438707,7,Unknown AirGradient Sensor,1,9430768,https://explore.openaq.org/locations/2874879,South America,Argentina,AR
6181244,"Avenida Raul Scalabrini Ortiz 1355, Palermo, Buenos Aires, Argentina",,America/Argentina/Buenos_Aires,6,AR,Argentina,12,AirGradient,66,AirGradient,FALSE,Non-reference / air sensor,FALSE,-34.5924436679021,-58.4274187730181,7,Unknown AirGradient Sensor,1,15012777,https://explore.openaq.org/locations/6181244,South America,Argentina,AR
6264701,La Plata,,America/Argentina/Buenos_Aires,6,AR,Argentina,12,AirGradient,66,AirGradient,FALSE,Non-reference / air sensor,FALSE,-34.900091,-57.924198,7,Unknown AirGradient Sensor,1,15629784,https://explore.openaq.org/locations/6264701,South America,Argentina,AR
6347224,Neuquen - Plottier - Hospital,,America/Argentina/Salta,6,AR,Argentina,12,AirGradient,66,AirGradient,FALSE,Non-reference / air sensor,FALSE,-38.9497110609523,-68.2279437114931,7,Unknown AirGradient Sensor,1,16246050,https://explore.openaq.org/locations/6347224,South America,Argentina,AR
6347411,San Patricio Del Chañar - Dirección De Ambiente,,America/Argentina/Salta,6,AR,Argentina,12,AirGradient,66,AirGradient,FALSE,Non-reference / air sensor,FALSE,-38.6319880418245,-68.2964431303502,7,Unknown AirGradient Sensor,1,16247467,https://explore.openaq.org/locations/6347411,South America,Argentina,AR
6347503,Colonia Rural - CdS Nueva Esperanza,,America/Argentina/Salta,6,AR,Argentina,12,AirGradient,66,AirGradient,FALSE,Non-reference / air sensor,FALSE,-38.9049272998963,-68.1354707301182,7,Unknown AirGradient Sensor,1,16248168,https://explore.openaq.org/locations/6347503,South America,Argentina,AR
6348815,Zapala - CIC Caleuche,,America/Argentina/Salta,6,AR,Argentina,12,AirGradient,66,AirGradient,FALSE,Non-reference / air sensor,FALSE,-38.8895033818871,-70.0584732379711,7,Unknown AirGradient Sensor,1,16258059,https://explore.openaq.org/locations/6348815,South America,Argentina,AR
6349056,San Martin De Los Andes - Chacra 4,,America/Argentina/Salta,6,AR,Argentina,12,AirGradient,66,AirGradient,FALSE,Non-reference / air sensor,FALSE,-40.1474476587266,-71.3071463079012,7,Unknown AirGradient Sensor,1,16259753,https://explore.openaq.org/locations/6349056,South America,Argentina,AR
6366576,Añelo - Hospital,,America/Argentina/Salta,6,AR,Argentina,12,AirGradient,66,AirGradient,FALSE,Non-reference / air sensor,FALSE,-38.3542671,-68.7799657,7,Unknown AirGradient Sensor,1,16349164,https://explore.openaq.org/locations/6366576,South America,Argentina,AR
6379680,NW_7,,America/Argentina/Tucuman,6,AR,Argentina,37246,Breathe2Change - LEA (INQUINOA-CONICET-UNT),445,Breathe2Change,FALSE,Non-reference / air sensor,FALSE,-26.8342,-65.2049,1,N/A,1,16445945,https://explore.openaq.org/locations/6379680,South America,Argentina,AR
6379681,NW_34,,America/Argentina/Catamarca,6,AR,Argentina,37246,Breathe2Change - LEA (INQUINOA-CONICET-UNT),445,Breathe2Change,FALSE,Non-reference / air sensor,FALSE,-26.7222,-66.0668,1,N/A,1,16445969,https://explore.openaq.org/locations/6379681,South America,Argentina,AR
6379682,NW_35,,America/Argentina/Salta,6,AR,Argentina,37246,Breathe2Change - LEA (INQUINOA-CONICET-UNT),445,Breathe2Change,FALSE,Non-reference / air sensor,FALSE,-24.7404,-65.3919,1,N/A,1,16445951,https://explore.openaq.org/locations/6379682,South America,Argentina,AR
6379683,NW_30,,America/Argentina/Cordoba,6,AR,Argentina,37246,Breathe2Change - LEA (INQUINOA-CONICET-UNT),445,Breathe2Change,FALSE,Non-reference / air sensor,FALSE,-27.7844,-64.2669,1,N/A,1,16445981,https://explore.openaq.org/locations/6379683,South America,Argentina,AR
6379684,NW_40,,America/Argentina/Cordoba,6,AR,Argentina,37246,Breathe2Change - LEA (INQUINOA-CONICET-UNT),445,Breathe2Change,FALSE,Non-reference / air sensor,FALSE,-26.8012,-60.448,1,N/A,1,16445987,https://explore.openaq.org/locations/6379684,South America,Argentina,AR
6379685,NW_41,,America/Argentina/Cordoba,6,AR,Argentina,37246,Breathe2Change - LEA (INQUINOA-CONICET-UNT),445,Breathe2Change,FALSE,Non-reference / air sensor,FALSE,-27.4591,-58.8223,1,N/A,1,16445963,https://explore.openaq.org/locations/6379685,South America,Argentina,AR
6379686,NW_42,,America/Argentina/La_Rioja,6,AR,Argentina,37246,Breathe2Change - LEA (INQUINOA-CONICET-UNT),445,Breathe2Change,FALSE,Non-reference / air sensor,FALSE,-29.0925,-67.2815,1,N/A,1,16521016,https://explore.openaq.org/locations/6379686,South America,Argentina,AR
6379687,NW_45,,America/Argentina/Cordoba,6,AR,Argentina,37246,Breathe2Change - LEA (INQUINOA-CONICET-UNT),445,Breathe2Change,FALSE,Non-reference / air sensor,FALSE,-27.3646,-55.894,1,N/A,1,16445957,https://explore.openaq.org/locations/6379687,South America,Argentina,AR
6379688,NW_46,,America/Argentina/Jujuy,6,AR,Argentina,37246,Breathe2Change - LEA (INQUINOA-CONICET-UNT),445,Breathe2Change,FALSE,Non-reference / air sensor,FALSE,-24.2511,-65.2025,1,N/A,1,16445975,https://explore.openaq.org/locations/6379688,South America,Argentina,AR
6379689,NW_48,,America/Argentina/Cordoba,6,AR,Argentina,37246,Breathe2Change - LEA (INQUINOA-CONICET-UNT),445,Breathe2Change,FALSE,Non-reference / air sensor,FALSE,-26.2396,-58.2473,1,N/A,1,16669739,https://explore.openaq.org/locations/6379689,South America,Argentina,AR
6383988,Chos Malal - Escuela N° 15,,America/Argentina/Salta,6,AR,Argentina,12,AirGradient,66,AirGradient,FALSE,Non-reference / air sensor,FALSE,-37.3865915,-70.2623088,7,Unknown AirGradient Sensor,1,16477678,https://explore.openaq.org/locations/6383988,South America,Argentina,AR
6386898,Despeñaderos - Espacio Gastronómico,,America/Argentina/Cordoba,6,AR,Argentina,12,AirGradient,66,AirGradient,FALSE,Non-reference / air sensor,FALSE,-31.8156818225981,-64.2916883315368,7,Unknown AirGradient Sensor,1,16499122,https://explore.openaq.org/locations/6386898,South America,Argentina,AR
6386995,Oncativo - Centro,,America/Argentina/Cordoba,6,AR,Argentina,12,AirGradient,66,AirGradient,FALSE,Non-reference / air sensor,FALSE,-31.9133506152737,-63.6814331322769,7,Unknown AirGradient Sensor,1,16499801,https://explore.openaq.org/locations/6386995,South America,Argentina,AR
6388171,Agua De Oro - CAPS,,America/Argentina/Cordoba,6,AR,Argentina,12,AirGradient,66,AirGradient,FALSE,Non-reference / air sensor,FALSE,-31.0655806209467,-64.3020597635189,7,Unknown AirGradient Sensor,1,16508394,https://explore.openaq.org/locations/6388171,South America,Argentina,AR
6389820,San Francisco - Servicios Públicos,,America/Argentina/Cordoba,6,AR,Argentina,12,AirGradient,66,AirGradient,FALSE,Non-reference / air sensor,FALSE,-31.425132,-62.070393,7,Unknown AirGradient Sensor,1,16520682,https://explore.openaq.org/locations/6389820,South America,Argentina,AR
6398515,Villa Dolores - Centro,,America/Argentina/Cordoba,6,AR,Argentina,12,AirGradient,66,AirGradient,FALSE,Non-reference / air sensor,FALSE,-31.9428749528623,-65.1901329875499,7,Unknown AirGradient Sensor,1,16584823,https://explore.openaq.org/locations/6398515,South America,Argentina,AR
6401192,Villa Maria - Municipalidad,,America/Argentina/Cordoba,6,AR,Argentina,12,AirGradient,66,AirGradient,FALSE,Non-reference / air sensor,FALSE,-32.415374,-63.242446,7,Unknown AirGradient Sensor,1,16604682,https://explore.openaq.org/locations/6401192,South America,Argentina,AR
